"Libellé";"Indice CVS-CJO de la production industrielle (base 100 en 2021) - Fabrication de glaces et sorbets (NAF rév. 2, niveau classe, poste 10.52)";"Codes";"Indice CVS-CJO de la production industrielle (base 100 en 2021) - Fabrication de glaces et sorbets (NAF rév. 2, niveau classe, poste 10.52)";"Codes";"Indice CVS-CJO de la production industrielle (base 100 en 2021) - Fabrication de glaces et sorbets (NAF rév. 2, niveau classe, poste 10.52)";"Codes";"Indice CVS-CJO de la production industrielle (base 100 en 2021) - Fabrication de glaces et sorbets (NAF rév. 2, niveau classe, poste 10.52)";"Codes";"Indice CVS-CJO de la production industrielle (base 100 en 2021) - Fabrication de glaces et sorbets (NAF rév. 2, niveau classe, poste 10.52)";"Codes";"Indice CVS-CJO de la production industrielle (base 100 en 2021) - Fabrication de glaces et sorbets (NAF rév. 2, niveau classe, poste 10.52)";"Codes";"Indice CVS-CJO de la production industrielle (base 100 en 2021) - Fabrication de glaces et sorbets (NAF rév. 2, niveau classe, poste 10.52)";"Codes";"Indice CVS-CJO de la production industrielle (base 100 en 2021) - Fabrication de glaces et sorbets (NAF rév. 2, niveau classe, poste 10.52)";"Codes";"Indice CVS-CJO de la production industrielle (base 100 en 2021) - Fabrication de glaces et sorbets (NAF rév. 2, niveau classe, poste 10.52)";"Codes";"Indice CVS-CJO de la production industrielle (base 100 en 2021) - Fabrication de glaces et sorbets (NAF rév. 2, niveau classe, poste 10.52)";"Codes";"Indice CVS-CJO de la production industrielle (base 100 en 2021) - Fabrication de glaces et sorbets (NAF rév. 2, niveau classe, poste 10.52)";"Codes";"Indice CVS-CJO de la production industrielle (base 100 en 2021) - Fabrication de glaces et sorbets (NAF rév. 2, niveau classe, poste 10.52)";"Codes";"Indice CVS-CJO de la production industrielle (base 100 en 2021) - Fabrication de glaces et sorbets (NAF rév. 2, niveau classe, poste 10.52)";"Codes";"Indice CVS-CJO de la production industrielle (base 100 en 2021) - Fabrication de glaces et sorbets (NAF rév. 2, niveau classe, poste 10.52)";"Codes"
"2025-02";"105.57";"A";"";"";"";"";"";"";"";"";"";"";"";"";"";"";"";"";"";"";"";"";"";"";"";"";"";""
"2025-01";"108.68";"A";"108.95";"A";"";"";"";"";"";"";"";"";"";"";"";"";"";"";"";"";"";"";"";"";"";"";"";""
"2024-12";"122.85";"A";"123.0";"A";"111.63";"A";"";"";"";"";"";"";"";"";"";"";"";"";"";"";"";"";"";"";"";"";"";""
"2024-11";"107.97";"A";"108.08";"A";"108.85";"A";"106.56";"A";"";"";"";"";"";"";"";"";"";"";"";"";"";"";"";"";"";"";"";""
"2024-10";"106.18";"A";"106.25";"A";"105.8";"A";"105.53";"A";"105.45";"A";"";"";"";"";"";"";"";"";"";"";"";"";"";"";"";"";"";""
"2024-09";"100.47";"A";"100.48";"A";"99.51";"A";"99.37";"A";"99.46";"A";"103.12";"A";"";"";"";"";"";"";"";"";"";"";"";"";"";"";"";""
"2024-08";"85.7";"A";"85.66";"A";"85.0";"A";"84.95";"A";"84.96";"A";"84.95";"A";"85.09";"A";"";"";"";"";"";"";"";"";"";"";"";"";"";""
"2024-07";"95.57";"A";"95.54";"A";"94.22";"A";"94.11";"A";"94.22";"A";"94.11";"A";"94.57";"A";"100.25";"A";"";"";"";"";"";"";"";"";"";"";"";""
"2024-06";"101.11";"A";"101.06";"A";"100.87";"A";"100.8";"A";"100.87";"A";"101.08";"A";"93.35";"A";"91.68";"A";"95.23";"A";"";"";"";"";"";"";"";"";"";""
"2024-05";"110.06";"A";"110.03";"A";"110.52";"A";"110.5";"A";"110.55";"A";"110.96";"A";"110.54";"A";"111.59";"A";"112.27";"A";"112.69";"A";"";"";"";"";"";"";"";""
"2024-04";"109.74";"A";"109.79";"A";"110.89";"A";"110.83";"A";"110.95";"A";"111.32";"A";"111.07";"A";"112.21";"A";"112.85";"A";"112.64";"A";"113.01";"A";"";"";"";"";"";""
"2024-03";"109.52";"A";"109.52";"A";"111.32";"A";"111.19";"A";"111.2";"A";"111.61";"A";"111.31";"A";"111.82";"A";"112.32";"A";"112.43";"A";"112.39";"A";"112.37";"A";"";"";"";""
"2024-02";"108.63";"A";"108.4";"A";"111.47";"A";"111.32";"A";"111.33";"A";"111.67";"A";"111.22";"A";"112.16";"A";"112.63";"A";"112.96";"A";"113.01";"A";"112.54";"A";"112.12";"A";"";""
"2024-01";"105.07";"A";"105.26";"A";"107.5";"A";"107.38";"A";"107.37";"A";"107.65";"A";"107.27";"A";"107.77";"A";"108.05";"A";"108.4";"A";"108.24";"A";"107.93";"A";"107.73";"A";"107.2";"A"
"2023-12";"128.32";"A";"128.41";"A";"128.19";"A";"130.25";"A";"130.18";"A";"130.45";"A";"130.26";"A";"130.46";"A";"131.11";"A";"131.38";"A";"131.23";"A";"131.06";"A";"131.12";"A";"131.22";"A"
"2023-11";"103.4";"A";"103.48";"A";"103.58";"A";"104.13";"A";"103.47";"A";"103.49";"A";"103.18";"A";"103.85";"A";"104.22";"A";"104.64";"A";"104.63";"A";"104.45";"A";"104.37";"A";"104.39";"A"
"2023-10";"98.11";"A";"98.17";"A";"99.25";"A";"99.15";"A";"99.12";"A";"98.53";"A";"98.22";"A";"99.24";"A";"99.43";"A";"100.21";"A";"100.12";"A";"100.1";"A";"99.49";"A";"99.18";"A"
"2023-09";"89.76";"A";"89.76";"A";"90.1";"A";"89.96";"A";"90.02";"A";"88.75";"A";"88.51";"A";"87.65";"A";"88.03";"A";"88.2";"A";"88.14";"A";"88.12";"A";"88.06";"A";"87.76";"A"
"2023-08";"104.79";"A";"104.77";"A";"105.37";"A";"105.22";"A";"105.26";"A";"105.14";"A";"105.32";"A";"104.02";"A";"103.94";"A";"104.03";"A";"104.07";"A";"103.96";"A";"103.74";"A";"103.57";"A"
"2023-07";"104.02";"A";"103.99";"A";"103.68";"A";"103.7";"A";"103.79";"A";"103.6";"A";"104.41";"A";"104.36";"A";"102.57";"A";"101.73";"A";"101.54";"A";"101.51";"A";"101.26";"A";"101.08";"A"
"2023-06";"105.04";"A";"105.01";"A";"104.9";"A";"104.79";"A";"104.87";"A";"105.11";"A";"106.07";"A";"104.33";"A";"104.1";"A";"103.5";"A";"103.68";"A";"103.63";"A";"103.46";"A";"103.26";"A"
"2023-05";"106.86";"A";"106.84";"A";"106.04";"A";"105.87";"A";"105.89";"A";"106.27";"A";"105.93";"A";"106.62";"A";"106.97";"A";"106.99";"A";"107.94";"A";"107.92";"A";"107.84";"A";"107.49";"A"
"2023-04";"97.44";"A";"97.46";"A";"97.07";"A";"97.0";"A";"97.05";"A";"97.33";"A";"97.33";"A";"98.06";"A";"98.65";"A";"98.28";"A";"97.68";"A";"98.91";"A";"99.23";"A";"98.85";"A"
"2023-03";"102.94";"A";"102.94";"A";"102.46";"A";"102.23";"A";"102.25";"A";"102.48";"A";"102.14";"A";"102.61";"A";"102.86";"A";"103.13";"A";"103.07";"A";"102.54";"A";"103.58";"A";"103.89";"A"
"2023-02";"109.69";"A";"109.55";"A";"109.2";"A";"109.08";"A";"109.07";"A";"109.3";"A";"109.03";"A";"109.48";"A";"109.75";"A";"109.93";"A";"109.87";"A";"109.55";"A";"109.51";"A";"111.32";"A"
"2023-01";"112.91";"A";"113.02";"A";"113.37";"A";"113.42";"A";"113.42";"A";"113.59";"A";"113.3";"A";"113.87";"A";"114.09";"A";"114.36";"A";"114.35";"A";"114.15";"A";"113.94";"A";"114.25";"A"
"2022-12";"117.27";"A";"117.32";"A";"117.84";"A";"119.06";"A";"119.05";"A";"119.17";"A";"118.92";"A";"119.19";"A";"119.5";"A";"119.85";"A";"119.85";"A";"119.78";"A";"119.68";"A";"119.91";"A"
"2022-11";"109.61";"A";"109.66";"A";"109.68";"A";"109.87";"A";"109.49";"A";"109.38";"A";"109.51";"A";"109.88";"A";"109.91";"A";"109.84";"A";"109.53";"A";"109.37";"A";"109.26";"A";"108.97";"A"
"2022-10";"126.28";"A";"126.33";"A";"127.24";"A";"127.07";"A";"127.03";"A";"126.32";"A";"126.38";"A";"127.24";"A";"127.32";"A";"127.78";"A";"127.68";"A";"127.61";"A";"126.96";"A";"126.56";"A"
"2022-09";"118.33";"A";"118.33";"A";"118.64";"A";"118.53";"A";"118.59";"A";"117.55";"A";"117.17";"A";"116.66";"A";"117.07";"A";"117.4";"A";"117.56";"A";"117.57";"A";"117.42";"A";"117.33";"A"
"2022-08";"117.28";"A";"117.25";"A";"117.82";"A";"117.75";"A";"117.77";"A";"117.77";"A";"117.84";"A";"116.86";"A";"116.69";"A";"116.8";"A";"116.8";"A";"116.74";"A";"116.61";"A";"116.26";"A"
"2022-07";"113.02";"A";"112.99";"A";"112.11";"A";"112.01";"A";"112.04";"A";"112.11";"A";"112.53";"A";"111.53";"A";"110.33";"A";"109.83";"A";"109.45";"A";"109.34";"A";"109.37";"A";"108.87";"A"
"2022-06";"108.05";"A";"108.03";"A";"107.74";"A";"107.56";"A";"107.59";"A";"107.75";"A";"108.43";"A";"107.51";"A";"107.4";"A";"106.94";"A";"107.01";"A";"106.95";"A";"106.8";"A";"106.71";"A"
"2022-05";"99.66";"A";"99.66";"A";"99.76";"A";"99.73";"A";"99.81";"A";"99.9";"A";"99.74";"A";"100.22";"A";"100.19";"A";"100.16";"A";"100.63";"A";"100.75";"A";"100.6";"A";"100.45";"A"
"2022-04";"106.45";"A";"106.46";"A";"106.05";"A";"105.94";"A";"105.98";"A";"106.28";"A";"106.21";"A";"106.34";"A";"106.74";"A";"106.47";"A";"106.04";"A";"106.87";"A";"107.21";"A";"106.87";"A"
"2022-03";"102.97";"A";"102.96";"A";"102.75";"A";"102.71";"A";"102.72";"A";"102.89";"A";"102.63";"A";"103.36";"A";"103.56";"A";"103.77";"A";"103.81";"A";"103.55";"A";"104.21";"A";"104.58";"A"
"2022-02";"99.79";"A";"99.76";"A";"99.54";"A";"99.47";"A";"99.47";"A";"99.6";"A";"99.45";"A";"99.72";"A";"99.86";"A";"99.97";"A";"99.96";"A";"99.8";"A";"99.78";"A";"100.9";"A"
"2022-01";"100.91";"A";"100.94";"A";"101.02";"A";"100.96";"A";"100.96";"A";"100.98";"A";"101.03";"A";"101.28";"A";"101.37";"A";"101.31";"A";"101.3";"A";"101.18";"A";"101.07";"A";"101.25";"A"
"2021-12";"84.09";"A";"84.11";"A";"84.6";"A";"84.93";"A";"84.92";"A";"84.95";"A";"84.86";"A";"84.63";"A";"84.58";"A";"84.72";"A";"84.62";"A";"84.57";"A";"84.52";"A";"84.41";"A"
"2021-11";"101.19";"A";"101.21";"A";"101.38";"A";"101.55";"A";"101.39";"A";"101.48";"A";"101.41";"A";"101.27";"A";"101.27";"A";"101.32";"A";"101.22";"A";"101.11";"A";"101.21";"A";"100.91";"A"
"2021-10";"95.83";"A";"95.84";"A";"96.1";"A";"95.97";"A";"95.93";"A";"95.69";"A";"95.63";"A";"95.82";"A";"95.87";"A";"96.26";"A";"96.36";"A";"96.27";"A";"95.98";"A";"95.71";"A"
"2021-09";"97.52";"A";"97.52";"A";"97.58";"A";"97.42";"A";"97.47";"A";"96.98";"A";"96.94";"A";"96.91";"A";"97.0";"A";"97.03";"A";"97.02";"A";"97.05";"A";"96.91";"A";"96.86";"A"
"2021-08";"82.46";"A";"82.45";"A";"82.9";"A";"82.98";"A";"83.01";"A";"83.01";"A";"83.05";"A";"82.93";"A";"82.87";"A";"82.89";"A";"82.98";"A";"83.0";"A";"82.95";"A";"82.87";"A"
"2021-07";"107.34";"A";"107.32";"A";"106.43";"A";"106.57";"A";"106.6";"A";"106.71";"A";"106.69";"A";"106.71";"A";"106.45";"A";"106.48";"A";"106.36";"A";"106.34";"A";"106.28";"A";"106.45";"A"
"2021-06";"105.74";"A";"105.74";"A";"105.85";"A";"105.75";"A";"105.79";"A";"105.88";"A";"106.14";"A";"105.54";"A";"105.31";"A";"105.12";"A";"105.0";"A";"105.03";"A";"104.95";"A";"104.75";"A"
"2021-05";"108.34";"A";"108.33";"A";"108.26";"A";"108.19";"A";"108.22";"A";"108.32";"A";"108.38";"A";"108.49";"A";"108.55";"A";"108.28";"A";"108.59";"A";"108.6";"A";"108.63";"A";"108.56";"A"
"2021-04";"101.71";"A";"101.71";"A";"101.45";"A";"101.38";"A";"101.41";"A";"101.59";"A";"101.46";"A";"101.65";"A";"101.93";"A";"101.9";"A";"101.83";"A";"102.19";"A";"102.34";"A";"102.36";"A"
"2021-03";"107.04";"A";"107.03";"A";"107.06";"A";"107.0";"A";"107.03";"A";"107.04";"A";"107.05";"A";"107.26";"A";"107.14";"A";"107.08";"A";"106.91";"A";"106.86";"A";"107.27";"A";"107.31";"A"
"2021-02";"107.04";"A";"107.04";"A";"106.89";"A";"106.84";"A";"106.85";"A";"106.91";"A";"106.85";"A";"107.02";"A";"107.1";"A";"107.14";"A";"107.17";"A";"107.13";"A";"107.13";"A";"107.81";"A"
"2021-01";"101.71";"A";"101.71";"A";"101.48";"A";"101.42";"A";"101.39";"A";"101.44";"A";"101.55";"A";"101.77";"A";"101.93";"A";"101.78";"A";"101.93";"A";"101.84";"A";"101.84";"A";"101.99";"A"
"2020-12";"92.43";"A";"92.46";"A";"93.41";"A";"93.75";"A";"93.68";"A";"93.7";"A";"93.82";"A";"94.02";"A";"94.02";"A";"93.85";"A";"93.87";"A";"93.87";"A";"93.81";"A";"93.77";"A"
"2020-11";"103.01";"A";"103.0";"A";"103.38";"A";"103.45";"A";"103.47";"A";"103.43";"A";"103.53";"A";"103.67";"A";"103.71";"A";"103.63";"A";"103.77";"A";"103.73";"A";"103.77";"A";"103.85";"A"
"2020-10";"97.91";"A";"97.91";"A";"98.01";"A";"97.93";"A";"97.9";"A";"97.85";"A";"97.74";"A";"98.02";"A";"98.1";"A";"98.46";"A";"98.73";"A";"98.67";"A";"98.45";"A";"98.48";"A"
"2020-09";"102.58";"A";"102.58";"A";"102.65";"A";"102.58";"A";"102.61";"A";"102.57";"A";"102.5";"A";"102.47";"A";"102.42";"A";"102.44";"A";"102.42";"A";"102.46";"A";"102.43";"A";"102.29";"A"
"2020-08";"91.39";"A";"91.38";"A";"91.66";"A";"91.68";"A";"91.7";"A";"91.64";"A";"91.85";"A";"91.73";"A";"91.69";"A";"91.51";"A";"91.58";"A";"91.59";"A";"91.6";"A";"91.57";"A"
"2020-07";"108.56";"A";"108.55";"A";"107.11";"A";"106.87";"A";"106.9";"A";"106.84";"A";"106.94";"A";"106.6";"A";"106.38";"A";"106.35";"A";"105.47";"A";"105.47";"A";"105.38";"A";"105.23";"A"
"2020-06";"99.93";"A";"99.93";"A";"100.11";"A";"100.19";"A";"100.21";"A";"100.28";"A";"100.29";"A";"100.44";"A";"100.45";"A";"100.39";"A";"100.5";"A";"100.53";"A";"100.55";"A";"100.63";"A"
"2020-05";"91.89";"A";"91.88";"A";"91.92";"A";"91.94";"A";"91.95";"A";"91.94";"A";"92.2";"A";"92.44";"A";"92.49";"A";"92.09";"A";"92.18";"A";"92.19";"A";"92.23";"A";"92.32";"A"
"2020-04";"69.05";"A";"69.05";"A";"68.89";"A";"68.77";"A";"68.79";"A";"68.79";"A";"68.84";"A";"68.95";"A";"68.96";"A";"68.88";"A";"68.8";"A";"68.93";"A";"68.93";"A";"68.97";"A"
"2020-03";"79.05";"A";"79.04";"A";"79.21";"A";"79.3";"A";"79.31";"A";"79.34";"A";"79.4";"A";"79.57";"A";"79.58";"A";"79.47";"A";"79.54";"A";"79.54";"A";"79.67";"A";"79.79";"A"
"2020-02";"97.83";"A";"97.82";"A";"97.8";"A";"97.76";"A";"97.77";"A";"97.83";"A";"97.89";"A";"97.97";"A";"98.04";"A";"97.95";"A";"98.05";"A";"98.03";"A";"98.09";"A";"98.2";"A"
"2020-01";"95.11";"A";"95.11";"A";"94.92";"A";"94.76";"A";"94.76";"A";"94.84";"A";"94.71";"A";"94.85";"A";"94.96";"A";"95.12";"A";"95.42";"A";"95.38";"A";"95.36";"A";"95.67";"A"
"2019-12";"93.37";"A";"93.4";"A";"94.6";"A";"94.96";"A";"94.85";"A";"94.97";"A";"95.18";"A";"94.83";"A";"94.96";"A";"94.62";"A";"94.93";"A";"94.9";"A";"95.08";"A";"94.96";"A"
"2019-11";"103.98";"A";"103.97";"A";"103.97";"A";"103.8";"A";"103.8";"A";"103.89";"A";"103.92";"A";"104.01";"A";"104.16";"A";"104.08";"A";"104.24";"A";"104.15";"A";"104.28";"A";"104.35";"A"
"2019-10";"101.59";"A";"101.6";"A";"101.71";"A";"101.56";"A";"101.58";"A";"101.55";"A";"101.4";"A";"101.91";"A";"101.91";"A";"102.18";"A";"102.29";"A";"102.32";"A";"102.14";"A";"102.25";"A"
"2019-09";"99.12";"A";"99.12";"A";"99.37";"A";"99.3";"A";"99.34";"A";"99.29";"A";"99.46";"A";"99.53";"A";"99.5";"A";"99.3";"A";"99.36";"A";"99.39";"A";"99.4";"A";"99.44";"A"
"2019-08";"104.57";"A";"104.56";"A";"104.65";"A";"104.56";"A";"104.57";"A";"104.66";"A";"104.68";"A";"104.3";"A";"104.35";"A";"104.33";"A";"104.54";"A";"104.49";"A";"104.63";"A";"104.59";"A"
"2019-07";"89.94";"A";"89.94";"A";"88.73";"A";"89.11";"A";"89.13";"A";"89.12";"A";"89.13";"A";"89.08";"A";"88.83";"A";"88.8";"A";"87.78";"A";"87.89";"A";"87.79";"A";"87.64";"A"
"2019-06";"90.75";"A";"90.74";"A";"90.67";"A";"90.65";"A";"90.64";"A";"90.71";"A";"90.86";"A";"90.94";"A";"91.1";"A";"90.87";"A";"91.04";"A";"90.99";"A";"91.1";"A";"91.18";"A"
"2019-05";"102.09";"A";"102.08";"A";"102.22";"A";"102.28";"A";"102.3";"A";"102.44";"A";"102.23";"A";"102.29";"A";"102.46";"A";"102.61";"A";"103.06";"A";"103.08";"A";"103.15";"A";"103.42";"A"
"2019-04";"99.63";"A";"99.63";"A";"99.94";"A";"99.92";"A";"99.96";"A";"99.96";"A";"99.94";"A";"100.01";"A";"99.96";"A";"99.97";"A";"99.98";"A";"100.11";"A";"100.11";"A";"100.12";"A"
"2019-03";"102.06";"A";"102.04";"A";"101.92";"A";"101.86";"A";"101.85";"A";"101.95";"A";"102.04";"A";"101.79";"A";"101.85";"A";"101.68";"A";"101.85";"A";"101.77";"A";"102.05";"A";"102.07";"A"
"2019-02";"95.99";"A";"95.98";"A";"95.98";"A";"95.89";"A";"95.9";"A";"95.96";"A";"95.96";"A";"96.03";"A";"96.05";"A";"96.03";"A";"96.13";"A";"96.14";"A";"96.17";"A";"96.22";"A"
"2019-01";"89.66";"A";"89.67";"A";"89.42";"A";"89.16";"A";"89.16";"A";"89.13";"A";"89.19";"A";"89.49";"A";"89.49";"A";"89.46";"A";"89.55";"A";"89.56";"A";"89.45";"A";"89.64";"A"
"2018-12";"113.28";"A";"113.31";"A";"113.97";"A";"113.93";"A";"113.77";"A";"113.74";"A";"114.53";"A";"113.53";"A";"113.5";"A";"112.62";"A";"112.73";"A";"112.6";"A";"112.86";"A";"112.55";"A"
"2018-11";"96.88";"A";"96.87";"A";"97.71";"A";"97.13";"A";"97.26";"A";"97.21";"A";"97.15";"A";"96.91";"A";"96.8";"A";"96.85";"A";"96.89";"A";"96.9";"A";"96.94";"A";"96.91";"A"
"2018-10";"101.49";"A";"101.49";"A";"101.63";"A";"101.43";"A";"101.46";"A";"101.44";"A";"101.49";"A";"101.49";"A";"101.31";"A";"101.25";"A";"101.16";"A";"101.22";"A";"101.19";"A";"101.06";"A"
"2018-09";"105.31";"A";"105.3";"A";"105.62";"A";"105.43";"A";"105.5";"A";"105.47";"A";"105.6";"A";"105.75";"A";"105.85";"A";"105.68";"A";"105.85";"A";"105.83";"A";"105.89";"A";"106.01";"A"
"2018-08";"104.79";"A";"104.78";"A";"104.8";"A";"104.72";"A";"104.74";"A";"104.83";"A";"104.69";"A";"104.72";"A";"104.84";"A";"105.0";"A";"105.34";"A";"105.33";"A";"105.36";"A";"105.54";"A"
"2018-07";"91.18";"A";"91.18";"A";"89.73";"A";"90.71";"A";"90.67";"A";"90.77";"A";"90.77";"A";"90.83";"A";"90.8";"A";"90.76";"A";"89.84";"A";"89.91";"A";"89.9";"A";"89.96";"A"
"2018-06";"103.03";"A";"103.02";"A";"103.04";"A";"102.91";"A";"102.93";"A";"102.97";"A";"103.0";"A";"102.75";"A";"102.7";"A";"102.64";"A";"102.74";"A";"102.74";"A";"102.82";"A";"102.77";"A"
"2018-05";"97.06";"A";"97.05";"A";"96.72";"A";"96.43";"A";"96.44";"A";"96.41";"A";"96.56";"A";"96.55";"A";"96.54";"A";"96.39";"A";"96.44";"A";"96.41";"A";"96.41";"A";"96.45";"A"
"2018-04";"90.9";"A";"90.9";"A";"91.08";"A";"90.91";"A";"90.95";"A";"90.9";"A";"91.05";"A";"90.97";"A";"90.93";"A";"90.78";"A";"90.81";"A";"90.86";"A";"90.91";"A";"90.89";"A"
"2018-03";"97.6";"A";"97.59";"A";"97.52";"A";"97.44";"A";"97.44";"A";"97.51";"A";"97.48";"A";"97.55";"A";"97.65";"A";"97.66";"A";"97.93";"A";"97.9";"A";"98.02";"A";"98.2";"A"
"2018-02";"94.32";"A";"94.32";"A";"94.29";"A";"94.18";"A";"94.18";"A";"94.24";"A";"94.24";"A";"94.3";"A";"94.32";"A";"94.3";"A";"94.43";"A";"94.43";"A";"94.46";"A";"94.5";"A"
"2018-01";"95.76";"A";"95.78";"A";"95.68";"A";"95.38";"A";"95.37";"A";"95.41";"A";"95.42";"A";"95.55";"A";"95.49";"A";"95.45";"A";"95.48";"A";"95.51";"A";"95.45";"A";"95.48";"A"
"2017-12";"81.11";"A";"81.12";"A";"81.28";"A";"81.16";"A";"81.0";"A";"81.23";"A";"81.45";"A";"80.62";"A";"80.78";"A";"80.47";"A";"80.77";"A";"80.63";"A";"80.91";"A";"80.71";"A"
"2017-11";"89.35";"A";"89.35";"A";"91.01";"A";"90.14";"A";"90.36";"A";"90.15";"A";"90.15";"A";"90.5";"A";"90.49";"A";"90.5";"A";"90.58";"A";"90.64";"A";"90.57";"A";"90.84";"A"
"2017-10";"92.92";"A";"92.92";"A";"93.23";"A";"93.11";"A";"93.11";"A";"93.15";"A";"93.2";"A";"93.32";"A";"93.33";"A";"93.25";"A";"93.35";"A";"93.38";"A";"93.42";"A";"93.44";"A"
"2017-09";"87.23";"A";"87.22";"A";"87.75";"A";"87.32";"A";"87.45";"A";"87.41";"A";"87.38";"A";"87.18";"A";"87.17";"A";"87.17";"A";"87.26";"A";"87.24";"A";"87.32";"A";"87.35";"A"
"2017-08";"96.75";"A";"96.75";"A";"96.74";"A";"96.47";"A";"96.49";"A";"96.47";"A";"96.51";"A";"96.75";"A";"96.72";"A";"96.69";"A";"96.74";"A";"96.76";"A";"96.71";"A";"96.79";"A"
"2017-07";"107.57";"A";"107.55";"A";"104.61";"A";"106.87";"A";"106.74";"A";"106.84";"A";"107.15";"A";"107.55";"A";"107.68";"A";"107.31";"A";"106.33";"A";"106.38";"A";"106.37";"A";"106.61";"A"
"2017-06";"100.76";"A";"100.75";"A";"100.67";"A";"100.46";"A";"100.45";"A";"100.59";"A";"100.46";"A";"100.5";"A";"100.65";"A";"100.78";"A";"101.09";"A";"101.05";"A";"101.11";"A";"101.28";"A"
"2017-05";"101.45";"A";"101.45";"A";"101.49";"A";"101.23";"A";"101.23";"A";"101.33";"A";"101.22";"A";"101.19";"A";"101.1";"A";"101.17";"A";"101.17";"A";"101.2";"A";"101.22";"A";"101.11";"A"
"2017-04";"100.12";"A";"100.11";"A";"100.26";"A";"99.97";"A";"99.98";"A";"100.02";"A";"100.15";"A";"100.06";"A";"100.18";"A";"100.0";"A";"100.17";"A";"100.14";"A";"100.28";"A";"100.27";"A"
"2017-03";"90.6";"A";"90.6";"A";"90.5";"A";"90.17";"A";"90.19";"A";"90.19";"A";"90.18";"A";"90.07";"A";"89.96";"A";"89.98";"A";"90.0";"A";"90.0";"A";"90.02";"A";"90.0";"A"
"2017-02";"97.66";"A";"97.66";"A";"97.68";"A";"97.47";"A";"97.47";"A";"97.52";"A";"97.54";"A";"97.59";"A";"97.61";"A";"97.58";"A";"97.7";"A";"97.7";"A";"97.74";"A";"97.76";"A"
"2017-01";"107.52";"A";"107.53";"A";"107.88";"A";"107.6";"A";"107.61";"A";"107.6";"A";"107.66";"A";"107.93";"A";"107.9";"A";"107.81";"A";"107.91";"A";"107.98";"A";"107.93";"A";"108.04";"A"
"2016-12";"96.76";"A";"96.76";"A";"96.77";"A";"96.44";"A";"96.33";"A";"96.49";"A";"96.58";"A";"96.03";"A";"96.15";"A";"96.03";"A";"96.38";"A";"96.29";"A";"96.45";"A";"96.53";"A"
"2016-11";"120.11";"A";"120.11";"A";"120.12";"A";"118.33";"A";"118.72";"A";"118.22";"A";"118.59";"A";"118.9";"A";"118.66";"A";"118.24";"A";"117.9";"A";"118.0";"A";"117.93";"A";"118.02";"A"
"2016-10";"90.08";"A";"90.08";"A";"90.09";"A";"89.77";"A";"89.77";"A";"89.74";"A";"90.0";"A";"89.99";"A";"90.0";"A";"89.7";"A";"89.74";"A";"89.73";"A";"89.81";"A";"89.8";"A"
"2016-09";"101.04";"A";"101.04";"A";"101.05";"A";"100.3";"A";"100.52";"A";"100.39";"A";"100.24";"A";"100.31";"A";"100.33";"A";"100.5";"A";"100.67";"A";"100.68";"A";"100.68";"A";"100.94";"A"
"2016-08";"88.6";"A";"88.59";"A";"88.6";"A";"88.42";"A";"88.33";"A";"88.48";"A";"88.45";"A";"88.46";"A";"88.37";"A";"88.37";"A";"88.33";"A";"88.36";"A";"88.38";"A";"88.27";"A"
"2016-07";"77.04";"A";"77.04";"A";"77.05";"A";"79.48";"A";"79.33";"A";"79.62";"A";"79.59";"A";"79.22";"A";"79.3";"A";"79.26";"A";"78.7";"A";"78.68";"A";"78.81";"A";"78.72";"A"
"2016-06";"87.13";"A";"87.13";"A";"87.14";"A";"86.76";"A";"86.78";"A";"86.72";"A";"86.8";"A";"86.95";"A";"86.86";"A";"86.8";"A";"86.76";"A";"86.79";"A";"86.73";"A";"86.76";"A"
"2016-05";"92.07";"A";"92.06";"A";"92.07";"A";"91.83";"A";"91.85";"A";"91.88";"A";"91.83";"A";"91.95";"A";"91.9";"A";"91.92";"A";"91.99";"A";"92.05";"A";"92.05";"A";"92.08";"A"
"2016-04";"104.6";"A";"104.6";"A";"104.61";"A";"104.06";"A";"104.13";"A";"104.12";"A";"104.15";"A";"103.67";"A";"103.57";"A";"103.53";"A";"103.61";"A";"103.61";"A";"103.73";"A";"103.61";"A"
"2016-03";"101.62";"A";"101.62";"A";"101.62";"A";"101.29";"A";"101.28";"A";"101.38";"A";"101.29";"A";"101.63";"A";"101.72";"A";"101.78";"A";"101.93";"A";"101.93";"A";"101.92";"A";"102.03";"A"
"2016-02";"99.21";"A";"99.21";"A";"99.22";"A";"98.86";"A";"98.89";"A";"98.84";"A";"98.98";"A";"99.0";"A";"98.93";"A";"98.77";"A";"98.78";"A";"98.82";"A";"98.84";"A";"98.83";"A"
"2016-01";"88.08";"A";"88.08";"A";"88.08";"A";"87.68";"A";"87.67";"A";"87.68";"A";"87.88";"A";"87.95";"A";"88.04";"A";"87.79";"A";"87.89";"A";"87.86";"A";"87.94";"A";"88.0";"A"
"2015-12";"95.84";"A";"95.84";"A";"95.85";"A";"95.36";"A";"95.3";"A";"95.33";"A";"95.47";"A";"95.75";"A";"95.82";"A";"95.66";"A";"95.77";"A";"95.78";"A";"95.76";"A";"95.93";"A"
"2015-11";"79.97";"A";"79.97";"A";"79.98";"A";"78.85";"A";"79.11";"A";"78.84";"A";"78.98";"A";"79.14";"A";"79.11";"A";"78.94";"A";"78.96";"A";"79.03";"A";"79.06";"A";"79.28";"A"
"2015-10";"98.05";"A";"98.04";"A";"98.05";"A";"97.51";"A";"97.5";"A";"97.6";"A";"97.58";"A";"97.53";"A";"97.67";"A";"97.67";"A";"97.92";"A";"97.87";"A";"97.98";"A";"98.11";"A"
"2015-09";"82.66";"A";"82.66";"A";"82.66";"A";"81.86";"A";"82.03";"A";"81.91";"A";"81.89";"A";"81.9";"A";"81.77";"A";"81.76";"A";"81.63";"A";"81.66";"A";"81.66";"A";"81.65";"A"
"2015-08";"105.31";"A";"105.31";"A";"105.32";"A";"105.09";"A";"104.86";"A";"105.06";"A";"105.29";"A";"105.25";"A";"105.19";"A";"104.93";"A";"104.92";"A";"104.94";"A";"104.99";"A";"104.97";"A"
"2015-07";"101.22";"A";"101.22";"A";"101.23";"A";"105.48";"A";"105.39";"A";"105.58";"A";"105.36";"A";"105.41";"A";"105.41";"A";"105.69";"A";"105.13";"A";"105.16";"A";"105.03";"A";"105.17";"A"
"2015-06";"97.25";"A";"97.25";"A";"97.26";"A";"96.88";"A";"96.9";"A";"96.89";"A";"96.94";"A";"97.05";"A";"96.94";"A";"96.86";"A";"96.82";"A";"96.9";"A";"96.9";"A";"96.88";"A"
"2015-05";"90.76";"A";"90.76";"A";"90.76";"A";"90.34";"A";"90.33";"A";"90.31";"A";"90.59";"A";"90.93";"A";"91.08";"A";"90.74";"A";"90.83";"A";"90.81";"A";"90.87";"A";"90.99";"A"
"2015-04";"83.15";"A";"83.15";"A";"83.16";"A";"82.52";"A";"82.57";"A";"82.52";"A";"82.58";"A";"82.61";"A";"82.6";"A";"82.56";"A";"82.6";"A";"82.59";"A";"82.6";"A";"82.64";"A"
"2015-03";"92.69";"A";"92.69";"A";"92.7";"A";"92.33";"A";"92.36";"A";"92.34";"A";"92.44";"A";"92.54";"A";"92.49";"A";"92.34";"A";"92.33";"A";"92.39";"A";"92.42";"A";"92.4";"A"
"2015-02";"89.32";"A";"89.31";"A";"89.32";"A";"88.88";"A";"88.9";"A";"88.92";"A";"88.96";"A";"88.97";"A";"89.0";"A";"88.92";"A";"89.0";"A";"89.0";"A";"89.06";"A";"89.08";"A"
"2015-01";"92.61";"A";"92.6";"A";"92.61";"A";"92.08";"A";"92.1";"A";"92.15";"A";"92.21";"A";"91.91";"A";"91.92";"A";"91.81";"A";"91.89";"A";"91.84";"A";"91.99";"A";"91.92";"A"
"2014-12";"94.61";"A";"94.6";"A";"94.61";"A";"93.96";"A";"93.98";"A";"93.97";"A";"94.14";"A";"93.63";"A";"93.39";"A";"93.16";"A";"92.91";"A";"92.92";"A";"93.04";"A";"92.75";"A"
"2014-11";"93.17";"A";"93.17";"A";"93.17";"A";"91.7";"A";"91.97";"A";"91.65";"A";"91.95";"A";"91.87";"A";"91.83";"A";"91.48";"A";"91.4";"A";"91.4";"A";"91.49";"A";"91.65";"A"
"2014-10";"79.92";"A";"79.92";"A";"79.92";"A";"79.23";"A";"79.2";"A";"79.26";"A";"79.29";"A";"79.1";"A";"79.08";"A";"79.04";"A";"79.07";"A";"79.04";"A";"79.09";"A";"79.09";"A"
"2014-09";"80.56";"A";"80.55";"A";"80.56";"A";"79.87";"A";"80.05";"A";"79.91";"A";"79.91";"A";"80.0";"A";"79.93";"A";"79.89";"A";"79.85";"A";"79.9";"A";"79.91";"A";"80.0";"A"
"2014-08";"77.86";"A";"77.86";"A";"77.86";"A";"77.87";"A";"77.45";"A";"77.9";"A";"78.04";"A";"78.01";"A";"78.08";"A";"77.88";"A";"77.94";"A";"77.91";"A";"78.0";"A";"78.0";"A"
"2014-07";"97.69";"A";"97.69";"A";"97.69";"A";"102.39";"A";"102.38";"A";"102.61";"A";"102.08";"A";"102.91";"A";"103.07";"A";"103.62";"A";"103.36";"A";"103.49";"A";"103.24";"A";"103.48";"A"
"2014-06";"86.7";"A";"86.69";"A";"86.7";"A";"86.29";"A";"86.27";"A";"86.3";"A";"86.49";"A";"86.47";"A";"86.52";"A";"86.28";"A";"86.32";"A";"86.3";"A";"86.38";"A";"86.41";"A"
"2014-05";"91.92";"A";"91.92";"A";"91.93";"A";"91.33";"A";"91.36";"A";"91.36";"A";"91.5";"A";"90.89";"A";"90.71";"A";"90.53";"A";"90.41";"A";"90.4";"A";"90.55";"A";"90.29";"A"
"2014-04";"84.14";"A";"84.14";"A";"84.15";"A";"83.53";"A";"83.57";"A";"83.59";"A";"83.6";"A";"83.49";"A";"83.44";"A";"83.39";"A";"83.36";"A";"83.36";"A";"83.41";"A";"83.33";"A"
"2014-03";"83.3";"A";"83.3";"A";"83.31";"A";"82.83";"A";"82.87";"A";"82.78";"A";"83.05";"A";"83.01";"A";"82.97";"A";"82.67";"A";"82.63";"A";"82.63";"A";"82.7";"A";"82.68";"A"
"2014-02";"81.38";"A";"81.38";"A";"81.38";"A";"80.9";"A";"80.96";"A";"80.94";"A";"80.99";"A";"80.98";"A";"81.01";"A";"80.93";"A";"80.99";"A";"80.99";"A";"81.05";"A";"81.08";"A"
"2014-01";"85.33";"A";"85.33";"A";"85.33";"A";"84.79";"A";"84.88";"A";"84.86";"A";"84.81";"A";"84.76";"A";"84.83";"A";"84.88";"A";"85.02";"A";"85.0";"A";"85.07";"A";"85.18";"A"
"2013-12";"95.32";"A";"95.32";"A";"95.33";"A";"94.93";"A";"94.93";"A";"95.03";"A";"94.98";"A";"95.15";"A";"95.27";"A";"95.26";"A";"95.44";"A";"95.47";"A";"95.7";"A";"95.7";"A"
"2013-11";"84.88";"A";"84.88";"A";"84.89";"A";"83.89";"A";"84.08";"A";"83.96";"A";"84.02";"A";"84.07";"A";"84.17";"A";"84.06";"A";"84.14";"A";"84.12";"A";"84.22";"A";"84.4";"A"
"2013-10";"100.12";"A";"100.12";"A";"100.13";"A";"99.23";"A";"99.24";"A";"99.27";"A";"99.3";"A";"99.54";"A";"99.6";"A";"99.53";"A";"99.59";"A";"99.6";"A";"99.59";"A";"99.74";"A"
"2013-09";"102.06";"A";"102.05";"A";"102.06";"A";"101.17";"A";"101.39";"A";"101.15";"A";"101.37";"A";"101.27";"A";"101.2";"A";"100.94";"A";"100.85";"A";"100.86";"A";"100.94";"A";"100.99";"A"
"2013-08";"113.98";"A";"113.97";"A";"113.98";"A";"114.63";"A";"113.2";"A";"114.72";"A";"114.75";"A";"114.31";"A";"114.28";"A";"114.19";"A";"114.21";"A";"114.17";"A";"114.32";"A";"114.23";"A"
"2013-07";"71.76";"A";"71.75";"A";"71.76";"A";"75.03";"A";"75.19";"A";"75.08";"A";"74.84";"A";"75.24";"A";"75.06";"A";"75.33";"A";"74.98";"A";"75.16";"A";"74.92";"A";"74.83";"A"
"2013-06";"65.42";"A";"65.41";"A";"65.42";"A";"65.08";"A";"65.1";"A";"65.09";"A";"65.23";"A";"65.22";"A";"65.26";"A";"65.09";"A";"65.12";"A";"65.1";"A";"65.16";"A";"65.22";"A"
"2013-05";"80.45";"A";"80.44";"A";"80.45";"A";"80.11";"A";"80.17";"A";"80.24";"A";"80.09";"A";"80.19";"A";"80.4";"A";"80.53";"A";"80.85";"A";"80.83";"A";"80.9";"A";"81.17";"A"
"2013-04";"91.94";"A";"91.94";"A";"91.94";"A";"91.39";"A";"91.47";"A";"91.43";"A";"91.49";"A";"91.52";"A";"91.51";"A";"91.41";"A";"91.44";"A";"91.47";"A";"91.51";"A";"91.56";"A"
"2013-03";"84.44";"A";"84.43";"A";"84.44";"A";"83.88";"A";"83.94";"A";"83.95";"A";"84.05";"A";"83.7";"A";"83.75";"A";"83.59";"A";"83.65";"A";"83.59";"A";"83.74";"A";"83.71";"A"
"2013-02";"97.26";"A";"97.26";"A";"97.27";"A";"96.66";"A";"96.77";"A";"96.71";"A";"96.78";"A";"96.75";"A";"96.79";"A";"96.68";"A";"96.75";"A";"96.74";"A";"96.81";"A";"96.88";"A"
"2013-01";"86.59";"A";"86.59";"A";"86.6";"A";"85.98";"A";"86.12";"A";"85.97";"A";"86.06";"A";"86.14";"A";"86.11";"A";"86.03";"A";"85.97";"A";"85.97";"A";"85.95";"A";"86.02";"A"
"2012-12";"83.4";"A";"83.4";"A";"83.4";"A";"82.81";"A";"82.79";"A";"82.75";"A";"82.99";"A";"82.88";"A";"82.75";"A";"82.51";"A";"82.36";"A";"82.36";"A";"82.81";"A";"82.33";"A"
"2012-11";"99.69";"A";"99.69";"A";"99.69";"A";"98.84";"A";"99.07";"A";"98.94";"A";"98.85";"A";"98.52";"A";"98.46";"A";"98.54";"A";"98.58";"A";"98.58";"A";"98.66";"A";"98.73";"A"
"2012-10";"98.63";"A";"98.63";"A";"98.64";"A";"97.63";"A";"97.71";"A";"97.61";"A";"97.81";"A";"97.75";"A";"97.62";"A";"97.36";"A";"97.18";"A";"97.23";"A";"97.22";"A";"97.18";"A"
"2012-09";"93.54";"A";"93.53";"A";"93.54";"A";"92.93";"A";"93.11";"A";"92.98";"A";"93.15";"A";"93.07";"A";"93.17";"A";"92.93";"A";"92.97";"A";"92.92";"A";"93.06";"A";"93.13";"A"
"2012-08";"81.72";"A";"81.72";"A";"81.73";"A";"82.83";"A";"81.22";"A";"82.9";"A";"82.78";"A";"82.75";"A";"82.77";"A";"82.86";"A";"82.95";"A";"82.94";"A";"82.95";"A";"83.07";"A"
"2012-07";"72.78";"A";"72.78";"A";"72.78";"A";"75.4";"A";"75.66";"A";"75.45";"A";"75.27";"A";"75.77";"A";"75.69";"A";"75.88";"A";"75.73";"A";"75.89";"A";"75.7";"A";"75.7";"A"
"2012-06";"84.39";"A";"84.39";"A";"84.4";"A";"83.98";"A";"84.07";"A";"84.04";"A";"84.08";"A";"83.78";"A";"83.79";"A";"83.73";"A";"83.79";"A";"83.76";"A";"83.85";"A";"83.88";"A"
"2012-05";"80.27";"A";"80.27";"A";"80.27";"A";"79.75";"A";"79.88";"A";"79.72";"A";"79.86";"A";"79.86";"A";"79.83";"A";"79.7";"A";"79.63";"A";"79.61";"A";"79.59";"A";"79.66";"A"
"2012-04";"96.21";"A";"96.21";"A";"96.21";"A";"95.65";"A";"95.76";"A";"95.62";"A";"95.88";"A";"95.82";"A";"95.82";"A";"95.52";"A";"95.49";"A";"95.48";"A";"95.53";"A";"95.6";"A"
"2012-03";"87.88";"A";"87.88";"A";"87.88";"A";"87.37";"A";"87.48";"A";"87.44";"A";"87.44";"A";"87.34";"A";"87.46";"A";"87.45";"A";"87.63";"A";"87.58";"A";"87.64";"A";"87.83";"A"
"2012-02";"88.61";"A";"88.61";"A";"88.62";"A";"87.98";"A";"88.12";"A";"87.99";"A";"88.12";"A";"87.95";"A";"87.87";"A";"87.71";"A";"87.6";"A";"87.59";"A";"87.61";"A";"87.57";"A"
"2012-01";"94.45";"A";"94.45";"A";"94.46";"A";"94.06";"A";"94.23";"A";"94.11";"A";"94.13";"A";"94.15";"A";"94.13";"A";"94.06";"A";"94.05";"A";"94.09";"A";"94.11";"A";"94.16";"A"
"2011-12";"88.78";"A";"88.78";"A";"88.78";"A";"88.58";"A";"88.57";"A";"88.61";"A";"88.68";"A";"88.62";"A";"88.59";"A";"88.5";"A";"88.48";"A";"88.48";"A";"88.54";"A";"88.55";"A"
"2011-11";"87.94";"A";"87.94";"A";"87.94";"A";"87.74";"A";"87.73";"A";"87.77";"A";"87.84";"A";"87.78";"A";"87.76";"A";"87.67";"A";"87.64";"A";"87.65";"A";"87.7";"A";"87.71";"A"
"2011-10";"76.27";"A";"76.26";"A";"76.27";"A";"76.1";"A";"76.09";"A";"76.12";"A";"76.18";"A";"76.13";"A";"76.11";"A";"76.03";"A";"76.01";"A";"76.01";"A";"76.06";"A";"76.07";"A"
"2011-09";"82.4";"A";"82.4";"A";"82.41";"A";"82.22";"A";"82.21";"A";"82.24";"A";"82.31";"A";"82.25";"A";"82.23";"A";"82.15";"A";"82.12";"A";"82.13";"A";"82.18";"A";"82.19";"A"
"2011-08";"61.14";"A";"61.14";"A";"61.14";"A";"61.0";"A";"60.99";"A";"61.02";"A";"61.07";"A";"61.03";"A";"61.01";"A";"60.95";"A";"60.93";"A";"60.93";"A";"60.97";"A";"60.98";"A"
"2011-07";"88.13";"A";"88.13";"A";"88.14";"A";"87.94";"A";"87.93";"A";"87.97";"A";"88.03";"A";"87.97";"A";"87.95";"A";"87.86";"A";"87.83";"A";"87.84";"A";"87.9";"A";"87.91";"A"
"2011-06";"94.26";"A";"94.26";"A";"94.27";"A";"94.05";"A";"94.04";"A";"94.08";"A";"94.15";"A";"94.09";"A";"94.06";"A";"93.97";"A";"93.94";"A";"93.95";"A";"94.01";"A";"94.02";"A"
"2011-05";"116.6";"A";"116.6";"A";"116.61";"A";"116.34";"A";"116.33";"A";"116.38";"A";"116.47";"A";"116.39";"A";"116.36";"A";"116.24";"A";"116.2";"A";"116.21";"A";"116.29";"A";"116.3";"A"
"2011-04";"84.34";"A";"84.34";"A";"84.35";"A";"84.16";"A";"84.15";"A";"84.18";"A";"84.25";"A";"84.19";"A";"84.17";"A";"84.08";"A";"84.05";"A";"84.06";"A";"84.12";"A";"84.12";"A"
"2011-03";"93.87";"A";"93.87";"A";"93.87";"A";"93.66";"A";"93.65";"A";"93.69";"A";"93.76";"A";"93.7";"A";"93.67";"A";"93.58";"A";"93.55";"A";"93.56";"A";"93.62";"A";"93.63";"A"
"2011-02";"79.62";"A";"79.62";"A";"79.62";"A";"79.44";"A";"79.43";"A";"79.46";"A";"79.53";"A";"79.47";"A";"79.45";"A";"79.37";"A";"79.35";"A";"79.35";"A";"79.4";"A";"79.41";"A"
"2011-01";"82.97";"A";"82.97";"A";"82.98";"A";"82.79";"A";"82.78";"A";"82.81";"A";"82.88";"A";"82.82";"A";"82.8";"A";"82.72";"A";"82.69";"A";"82.7";"A";"82.75";"A";"82.76";"A"
"2010-12";"84.75";"A";"84.74";"A";"84.75";"A";"84.56";"A";"84.55";"A";"84.58";"A";"84.65";"A";"84.59";"A";"84.57";"A";"84.48";"A";"84.46";"A";"84.46";"A";"84.52";"A";"84.53";"A"
"2010-11";"82.22";"A";"82.22";"A";"82.22";"A";"82.04";"A";"82.03";"A";"82.06";"A";"82.13";"A";"82.07";"A";"82.05";"A";"81.97";"A";"81.94";"A";"81.95";"A";"82.0";"A";"82.01";"A"
"2010-10";"89.06";"A";"89.06";"A";"89.06";"A";"88.86";"A";"88.85";"A";"88.89";"A";"88.96";"A";"88.9";"A";"88.87";"A";"88.78";"A";"88.76";"A";"88.76";"A";"88.82";"A";"88.83";"A"
"2010-09";"88.44";"A";"88.43";"A";"88.44";"A";"88.24";"A";"88.23";"A";"88.27";"A";"88.33";"A";"88.27";"A";"88.25";"A";"88.16";"A";"88.13";"A";"88.14";"A";"88.2";"A";"88.21";"A"
"2010-08";"97.76";"A";"97.76";"A";"97.76";"A";"97.54";"A";"97.53";"A";"97.57";"A";"97.65";"A";"97.58";"A";"97.56";"A";"97.46";"A";"97.43";"A";"97.43";"A";"97.5";"A";"97.51";"A"
"2010-07";"93.84";"A";"93.84";"A";"93.85";"A";"93.64";"A";"93.63";"A";"93.66";"A";"93.74";"A";"93.67";"A";"93.65";"A";"93.55";"A";"93.52";"A";"93.53";"A";"93.59";"A";"93.6";"A"
"2010-06";"82.49";"A";"82.48";"A";"82.49";"A";"82.3";"A";"82.3";"A";"82.33";"A";"82.39";"A";"82.34";"A";"82.32";"A";"82.23";"A";"82.21";"A";"82.21";"A";"82.27";"A";"82.27";"A"
"2010-05";"93.78";"A";"93.78";"A";"93.78";"A";"93.57";"A";"93.56";"A";"93.6";"A";"93.67";"A";"93.61";"A";"93.58";"A";"93.49";"A";"93.46";"A";"93.47";"A";"93.53";"A";"93.54";"A"
"2010-04";"80.72";"A";"80.72";"A";"80.72";"A";"80.54";"A";"80.53";"A";"80.57";"A";"80.63";"A";"80.57";"A";"80.55";"A";"80.47";"A";"80.45";"A";"80.45";"A";"80.5";"A";"80.51";"A"
"2010-03";"100.53";"A";"100.53";"A";"100.54";"A";"100.31";"A";"100.3";"A";"100.34";"A";"100.42";"A";"100.35";"A";"100.32";"A";"100.22";"A";"100.19";"A";"100.2";"A";"100.26";"A";"100.27";"A"
"2010-02";"86.49";"A";"86.49";"A";"86.5";"A";"86.3";"A";"86.29";"A";"86.33";"A";"86.4";"A";"86.34";"A";"86.31";"A";"86.23";"A";"86.2";"A";"86.21";"A";"86.26";"A";"86.27";"A"
"2010-01";"90.59";"A";"90.59";"A";"90.59";"A";"90.39";"A";"90.38";"A";"90.41";"A";"90.49";"A";"90.42";"A";"90.4";"A";"90.31";"A";"90.28";"A";"90.29";"A";"90.34";"A";"90.35";"A"
"2009-12";"89.43";"A";"89.43";"A";"89.43";"A";"89.23";"A";"89.22";"A";"89.26";"A";"89.33";"A";"89.27";"A";"89.24";"A";"89.15";"A";"89.12";"A";"89.13";"A";"89.19";"A";"89.2";"A"
"2009-11";"89.78";"A";"89.78";"A";"89.78";"A";"89.58";"A";"89.57";"A";"89.61";"A";"89.68";"A";"89.61";"A";"89.59";"A";"89.5";"A";"89.47";"A";"89.48";"A";"89.54";"A";"89.55";"A"
"2009-10";"82.11";"A";"82.11";"A";"82.12";"A";"81.93";"A";"81.92";"A";"81.96";"A";"82.02";"A";"81.96";"A";"81.94";"A";"81.86";"A";"81.83";"A";"81.84";"A";"81.89";"A";"81.9";"A"
"2009-09";"92.61";"A";"92.6";"A";"92.61";"A";"92.4";"A";"92.39";"A";"92.43";"A";"92.5";"A";"92.44";"A";"92.41";"A";"92.32";"A";"92.29";"A";"92.3";"A";"92.36";"A";"92.37";"A"
"2009-08";"85.21";"A";"85.21";"A";"85.22";"A";"85.02";"A";"85.01";"A";"85.05";"A";"85.11";"A";"85.06";"A";"85.03";"A";"84.95";"A";"84.92";"A";"84.93";"A";"84.98";"A";"84.99";"A"
"2009-07";"89.06";"A";"89.05";"A";"89.06";"A";"88.86";"A";"88.85";"A";"88.88";"A";"88.95";"A";"88.89";"A";"88.87";"A";"88.78";"A";"88.75";"A";"88.76";"A";"88.82";"A";"88.83";"A"
"2009-06";"91.5";"A";"91.5";"A";"91.51";"A";"91.3";"A";"91.29";"A";"91.33";"A";"91.4";"A";"91.33";"A";"91.31";"A";"91.22";"A";"91.19";"A";"91.2";"A";"91.26";"A";"91.27";"A"
"2009-05";"84.8";"A";"84.8";"A";"84.8";"A";"84.61";"A";"84.6";"A";"84.64";"A";"84.7";"A";"84.64";"A";"84.62";"A";"84.53";"A";"84.51";"A";"84.52";"A";"84.57";"A";"84.58";"A"
"2009-04";"83.41";"A";"83.41";"A";"83.41";"A";"83.22";"A";"83.21";"A";"83.25";"A";"83.31";"A";"83.26";"A";"83.23";"A";"83.15";"A";"83.12";"A";"83.13";"A";"83.18";"A";"83.19";"A"
"2009-03";"68.14";"A";"68.14";"A";"68.14";"A";"67.99";"A";"67.98";"A";"68.01";"A";"68.06";"A";"68.02";"A";"68.0";"A";"67.93";"A";"67.91";"A";"67.91";"A";"67.96";"A";"67.96";"A"
"2009-02";"75.63";"A";"75.63";"A";"75.64";"A";"75.46";"A";"75.46";"A";"75.49";"A";"75.55";"A";"75.49";"A";"75.47";"A";"75.4";"A";"75.37";"A";"75.38";"A";"75.43";"A";"75.44";"A"
"2009-01";"61.7";"A";"61.7";"A";"61.7";"A";"61.56";"A";"61.56";"A";"61.58";"A";"61.63";"A";"61.59";"A";"61.57";"A";"61.51";"A";"61.49";"A";"61.49";"A";"61.53";"A";"61.54";"A"
"2008-12";"92.75";"A";"92.75";"A";"92.76";"A";"92.55";"A";"92.54";"A";"92.57";"A";"92.65";"A";"92.58";"A";"92.56";"A";"92.46";"A";"92.44";"A";"92.44";"A";"92.5";"A";"92.51";"A"
"2008-11";"93.33";"A";"93.33";"A";"93.33";"A";"93.12";"A";"93.11";"A";"93.15";"A";"93.22";"A";"93.16";"A";"93.13";"A";"93.04";"A";"93.01";"A";"93.02";"A";"93.08";"A";"93.09";"A"
"2008-10";"91.33";"A";"91.33";"A";"91.33";"A";"91.13";"A";"91.12";"A";"91.15";"A";"91.23";"A";"91.16";"A";"91.14";"A";"91.05";"A";"91.02";"A";"91.03";"A";"91.08";"A";"91.09";"A"
"2008-09";"94.71";"A";"94.7";"A";"94.71";"A";"94.5";"A";"94.49";"A";"94.52";"A";"94.6";"A";"94.53";"A";"94.51";"A";"94.41";"A";"94.38";"A";"94.39";"A";"94.45";"A";"94.46";"A"
"2008-08";"93.49";"A";"93.49";"A";"93.49";"A";"93.28";"A";"93.27";"A";"93.31";"A";"93.38";"A";"93.32";"A";"93.29";"A";"93.2";"A";"93.17";"A";"93.18";"A";"93.24";"A";"93.25";"A"
"2008-07";"94.32";"A";"94.32";"A";"94.33";"A";"94.12";"A";"94.11";"A";"94.14";"A";"94.22";"A";"94.15";"A";"94.13";"A";"94.03";"A";"94.0";"A";"94.01";"A";"94.07";"A";"94.08";"A"
"2008-06";"94.72";"A";"94.72";"A";"94.72";"A";"94.51";"A";"94.5";"A";"94.54";"A";"94.61";"A";"94.54";"A";"94.52";"A";"94.42";"A";"94.39";"A";"94.4";"A";"94.46";"A";"94.47";"A"
"2008-05";"95.11";"A";"95.1";"A";"95.11";"A";"94.9";"A";"94.88";"A";"94.92";"A";"95.0";"A";"94.93";"A";"94.91";"A";"94.81";"A";"94.78";"A";"94.79";"A";"94.85";"A";"94.86";"A"
"2008-04";"95.17";"A";"95.16";"A";"95.17";"A";"94.96";"A";"94.95";"A";"94.98";"A";"95.06";"A";"94.99";"A";"94.97";"A";"94.87";"A";"94.84";"A";"94.85";"A";"94.91";"A";"94.92";"A"
"2008-03";"98.46";"A";"98.46";"A";"98.47";"A";"98.24";"A";"98.23";"A";"98.27";"A";"98.35";"A";"98.28";"A";"98.26";"A";"98.16";"A";"98.13";"A";"98.13";"A";"98.2";"A";"98.21";"A"
"2008-02";"98.34";"A";"98.33";"A";"98.34";"A";"98.12";"A";"98.11";"A";"98.15";"A";"98.22";"A";"98.16";"A";"98.13";"A";"98.03";"A";"98.0";"A";"98.01";"A";"98.07";"A";"98.08";"A"
"2008-01";"99.77";"A";"99.77";"A";"99.78";"A";"99.55";"A";"99.54";"A";"99.58";"A";"99.66";"A";"99.59";"A";"99.56";"A";"99.46";"A";"99.43";"A";"99.44";"A";"99.5";"A";"99.51";"A"
"2007-12";"101.31";"A";"101.3";"A";"101.31";"A";"101.08";"A";"101.07";"A";"101.11";"A";"101.19";"A";"101.12";"A";"101.09";"A";"100.99";"A";"100.96";"A";"100.97";"A";"101.03";"A";"101.04";"A"
"2007-11";"94.75";"A";"94.74";"A";"94.75";"A";"94.54";"A";"94.53";"A";"94.57";"A";"94.64";"A";"94.57";"A";"94.55";"A";"94.45";"A";"94.42";"A";"94.43";"A";"94.49";"A";"94.5";"A"
"2007-10";"95.35";"A";"95.35";"A";"95.35";"A";"95.14";"A";"95.13";"A";"95.17";"A";"95.24";"A";"95.17";"A";"95.15";"A";"95.05";"A";"95.02";"A";"95.03";"A";"95.09";"A";"95.1";"A"
"2007-09";"94.66";"A";"94.66";"A";"94.66";"A";"94.45";"A";"94.44";"A";"94.48";"A";"94.55";"A";"94.48";"A";"94.46";"A";"94.36";"A";"94.34";"A";"94.34";"A";"94.4";"A";"94.41";"A"
"2007-08";"94.92";"A";"94.92";"A";"94.93";"A";"94.71";"A";"94.7";"A";"94.74";"A";"94.81";"A";"94.75";"A";"94.72";"A";"94.63";"A";"94.6";"A";"94.61";"A";"94.67";"A";"94.68";"A"
"2007-07";"95.27";"A";"95.27";"A";"95.27";"A";"95.06";"A";"95.05";"A";"95.09";"A";"95.16";"A";"95.09";"A";"95.07";"A";"94.97";"A";"94.94";"A";"94.95";"A";"95.01";"A";"95.02";"A"
"2007-06";"93.65";"A";"93.65";"A";"93.66";"A";"93.45";"A";"93.43";"A";"93.47";"A";"93.55";"A";"93.48";"A";"93.46";"A";"93.36";"A";"93.33";"A";"93.34";"A";"93.4";"A";"93.41";"A"
"2007-05";"94.48";"A";"94.48";"A";"94.49";"A";"94.27";"A";"94.26";"A";"94.3";"A";"94.37";"A";"94.31";"A";"94.28";"A";"94.19";"A";"94.16";"A";"94.17";"A";"94.23";"A";"94.24";"A"
"2007-04";"95.03";"A";"95.02";"A";"95.03";"A";"94.82";"A";"94.8";"A";"94.84";"A";"94.92";"A";"94.85";"A";"94.83";"A";"94.73";"A";"94.7";"A";"94.71";"A";"94.77";"A";"94.78";"A"
"2007-03";"92.81";"A";"92.8";"A";"92.81";"A";"92.6";"A";"92.59";"A";"92.63";"A";"92.7";"A";"92.64";"A";"92.61";"A";"92.52";"A";"92.49";"A";"92.5";"A";"92.56";"A";"92.57";"A"
"2007-02";"93.67";"A";"93.67";"A";"93.68";"A";"93.46";"A";"93.45";"A";"93.49";"A";"93.57";"A";"93.5";"A";"93.48";"A";"93.38";"A";"93.35";"A";"93.36";"A";"93.42";"A";"93.43";"A"
"2007-01";"94.5";"A";"94.49";"A";"94.5";"A";"94.29";"A";"94.28";"A";"94.32";"A";"94.39";"A";"94.32";"A";"94.3";"A";"94.2";"A";"94.18";"A";"94.18";"A";"94.24";"A";"94.25";"A"
"2006-12";"94.53";"A";"94.53";"A";"94.54";"A";"94.32";"A";"94.31";"A";"94.35";"A";"94.43";"A";"94.36";"A";"94.34";"A";"94.24";"A";"94.21";"A";"94.22";"A";"94.28";"A";"94.29";"A"
"2006-11";"93.17";"A";"93.16";"A";"93.17";"A";"92.96";"A";"92.95";"A";"92.99";"A";"93.06";"A";"93.0";"A";"92.97";"A";"92.88";"A";"92.85";"A";"92.86";"A";"92.92";"A";"92.92";"A"
"2006-10";"93.88";"A";"93.88";"A";"93.89";"A";"93.67";"A";"93.66";"A";"93.7";"A";"93.77";"A";"93.71";"A";"93.69";"A";"93.59";"A";"93.56";"A";"93.57";"A";"93.63";"A";"93.64";"A"
"2006-09";"93.64";"A";"93.64";"A";"93.64";"A";"93.43";"A";"93.42";"A";"93.46";"A";"93.53";"A";"93.47";"A";"93.44";"A";"93.35";"A";"93.32";"A";"93.33";"A";"93.39";"A";"93.4";"A"
"2006-08";"93.74";"A";"93.74";"A";"93.74";"A";"93.53";"A";"93.52";"A";"93.56";"A";"93.63";"A";"93.57";"A";"93.54";"A";"93.45";"A";"93.42";"A";"93.43";"A";"93.49";"A";"93.5";"A"
"2006-07";"93.32";"A";"93.32";"A";"93.33";"A";"93.12";"A";"93.11";"A";"93.15";"A";"93.22";"A";"93.15";"A";"93.13";"A";"93.03";"A";"93.01";"A";"93.01";"A";"93.07";"A";"93.08";"A"
"2006-06";"93.38";"A";"93.38";"A";"93.39";"A";"93.18";"A";"93.17";"A";"93.2";"A";"93.28";"A";"93.21";"A";"93.19";"A";"93.09";"A";"93.07";"A";"93.07";"A";"93.13";"A";"93.14";"A"
"2006-05";"93.19";"A";"93.19";"A";"93.19";"A";"92.98";"A";"92.97";"A";"93.01";"A";"93.08";"A";"93.02";"A";"92.99";"A";"92.9";"A";"92.87";"A";"92.88";"A";"92.94";"A";"92.95";"A"
"2006-04";"92.04";"A";"92.04";"A";"92.04";"A";"91.84";"A";"91.83";"A";"91.86";"A";"91.94";"A";"91.87";"A";"91.85";"A";"91.75";"A";"91.73";"A";"91.73";"A";"91.79";"A";"91.8";"A"
"2006-03";"92.99";"A";"92.99";"A";"92.99";"A";"92.78";"A";"92.77";"A";"92.81";"A";"92.88";"A";"92.82";"A";"92.8";"A";"92.7";"A";"92.67";"A";"92.68";"A";"92.74";"A";"92.75";"A"
"2006-02";"93.12";"A";"93.12";"A";"93.13";"A";"92.92";"A";"92.91";"A";"92.95";"A";"93.02";"A";"92.95";"A";"92.93";"A";"92.84";"A";"92.81";"A";"92.81";"A";"92.87";"A";"92.88";"A"
"2006-01";"92.24";"A";"92.23";"A";"92.24";"A";"92.03";"A";"92.02";"A";"92.06";"A";"92.13";"A";"92.07";"A";"92.04";"A";"91.95";"A";"91.92";"A";"91.93";"A";"91.99";"A";"92.0";"A"
"2005-12";"93.06";"A";"93.06";"A";"93.07";"A";"92.85";"A";"92.84";"A";"92.88";"A";"92.95";"A";"92.89";"A";"92.87";"A";"92.77";"A";"92.74";"A";"92.75";"A";"92.81";"A";"92.82";"A"
"2005-11";"94.24";"A";"94.24";"A";"94.25";"A";"94.03";"A";"94.02";"A";"94.06";"A";"94.14";"A";"94.07";"A";"94.05";"A";"93.95";"A";"93.92";"A";"93.93";"A";"93.99";"A";"94.0";"A"
"2005-10";"93.61";"A";"93.6";"A";"93.61";"A";"93.4";"A";"93.39";"A";"93.43";"A";"93.5";"A";"93.44";"A";"93.41";"A";"93.32";"A";"93.29";"A";"93.29";"A";"93.36";"A";"93.36";"A"
"2005-09";"93.0";"A";"92.99";"A";"93.0";"A";"92.79";"A";"92.78";"A";"92.82";"A";"92.89";"A";"92.83";"A";"92.8";"A";"92.71";"A";"92.68";"A";"92.69";"A";"92.75";"A";"92.76";"A"
"2005-08";"93.58";"A";"93.57";"A";"93.58";"A";"93.37";"A";"93.36";"A";"93.4";"A";"93.47";"A";"93.4";"A";"93.38";"A";"93.28";"A";"93.26";"A";"93.26";"A";"93.32";"A";"93.33";"A"
"2005-07";"92.51";"A";"92.51";"A";"92.52";"A";"92.31";"A";"92.3";"A";"92.33";"A";"92.41";"A";"92.34";"A";"92.32";"A";"92.22";"A";"92.2";"A";"92.2";"A";"92.26";"A";"92.27";"A"
"2005-06";"93.1";"A";"93.1";"A";"93.11";"A";"92.89";"A";"92.88";"A";"92.92";"A";"92.99";"A";"92.93";"A";"92.91";"A";"92.81";"A";"92.78";"A";"92.79";"A";"92.85";"A";"92.86";"A"
"2005-05";"92.24";"A";"92.24";"A";"92.25";"A";"92.04";"A";"92.03";"A";"92.07";"A";"92.14";"A";"92.07";"A";"92.05";"A";"91.96";"A";"91.93";"A";"91.94";"A";"92.0";"A";"92.0";"A"
"2005-04";"93.06";"A";"93.06";"A";"93.07";"A";"92.86";"A";"92.85";"A";"92.89";"A";"92.96";"A";"92.89";"A";"92.87";"A";"92.77";"A";"92.75";"A";"92.75";"A";"92.81";"A";"92.82";"A"
"2005-03";"93.25";"A";"93.24";"A";"93.25";"A";"93.04";"A";"93.03";"A";"93.07";"A";"93.14";"A";"93.08";"A";"93.05";"A";"92.96";"A";"92.93";"A";"92.94";"A";"93.0";"A";"93.01";"A"
"2005-02";"93.7";"A";"93.69";"A";"93.7";"A";"93.49";"A";"93.48";"A";"93.52";"A";"93.59";"A";"93.52";"A";"93.5";"A";"93.4";"A";"93.38";"A";"93.38";"A";"93.44";"A";"93.45";"A"
"2005-01";"93.48";"A";"93.47";"A";"93.48";"A";"93.27";"A";"93.26";"A";"93.3";"A";"93.37";"A";"93.31";"A";"93.28";"A";"93.19";"A";"93.16";"A";"93.17";"A";"93.23";"A";"93.24";"A"
"2004-12";"93.34";"A";"93.33";"A";"93.34";"A";"93.13";"A";"93.12";"A";"93.16";"A";"93.23";"A";"93.16";"A";"93.14";"A";"93.05";"A";"93.02";"A";"93.02";"A";"93.08";"A";"93.09";"A"
"2004-11";"94.25";"A";"94.25";"A";"94.26";"A";"94.04";"A";"94.03";"A";"94.07";"A";"94.14";"A";"94.08";"A";"94.05";"A";"93.96";"A";"93.93";"A";"93.94";"A";"94.0";"A";"94.01";"A"
"2004-10";"93.08";"A";"93.08";"A";"93.09";"A";"92.88";"A";"92.87";"A";"92.91";"A";"92.98";"A";"92.91";"A";"92.89";"A";"92.8";"A";"92.77";"A";"92.77";"A";"92.83";"A";"92.84";"A"
"2004-09";"93.73";"A";"93.73";"A";"93.73";"A";"93.52";"A";"93.51";"A";"93.55";"A";"93.62";"A";"93.56";"A";"93.53";"A";"93.44";"A";"93.41";"A";"93.42";"A";"93.48";"A";"93.49";"A"
"2004-08";"91.97";"A";"91.97";"A";"91.98";"A";"91.77";"A";"91.76";"A";"91.8";"A";"91.87";"A";"91.81";"A";"91.78";"A";"91.69";"A";"91.66";"A";"91.67";"A";"91.73";"A";"91.74";"A"
"2004-07";"94.96";"A";"94.96";"A";"94.97";"A";"94.75";"A";"94.74";"A";"94.78";"A";"94.86";"A";"94.79";"A";"94.77";"A";"94.67";"A";"94.64";"A";"94.65";"A";"94.71";"A";"94.72";"A"
"2004-06";"93.41";"A";"93.4";"A";"93.41";"A";"93.2";"A";"93.19";"A";"93.23";"A";"93.3";"A";"93.24";"A";"93.21";"A";"93.12";"A";"93.09";"A";"93.09";"A";"93.16";"A";"93.16";"A"
"2004-05";"91.14";"A";"91.13";"A";"91.14";"A";"90.93";"A";"90.92";"A";"90.96";"A";"91.03";"A";"90.97";"A";"90.95";"A";"90.85";"A";"90.83";"A";"90.83";"A";"90.89";"A";"90.9";"A"
"2004-04";"92.96";"A";"92.96";"A";"92.97";"A";"92.76";"A";"92.75";"A";"92.78";"A";"92.86";"A";"92.79";"A";"92.77";"A";"92.67";"A";"92.65";"A";"92.65";"A";"92.71";"A";"92.72";"A"
"2004-03";"92.37";"A";"92.37";"A";"92.38";"A";"92.17";"A";"92.16";"A";"92.19";"A";"92.27";"A";"92.2";"A";"92.18";"A";"92.09";"A";"92.06";"A";"92.06";"A";"92.12";"A";"92.13";"A"
"2004-02";"91.12";"A";"91.12";"A";"91.13";"A";"90.92";"A";"90.91";"A";"90.95";"A";"91.02";"A";"90.95";"A";"90.93";"A";"90.84";"A";"90.81";"A";"90.82";"A";"90.88";"A";"90.88";"A"
"2004-01";"93.2";"A";"93.19";"A";"93.2";"A";"92.99";"A";"92.98";"A";"93.02";"A";"93.09";"A";"93.03";"A";"93.0";"A";"92.91";"A";"92.88";"A";"92.89";"A";"92.95";"A";"92.95";"A"
"2003-12";"94.9";"A";"94.9";"A";"94.91";"A";"94.69";"A";"94.68";"A";"94.72";"A";"94.79";"A";"94.73";"A";"94.7";"A";"94.61";"A";"94.58";"A";"94.58";"A";"94.65";"A";"94.65";"A"
"2003-11";"92.34";"A";"92.33";"A";"92.34";"A";"92.13";"A";"92.12";"A";"92.16";"A";"92.23";"A";"92.17";"A";"92.14";"A";"92.05";"A";"92.02";"A";"92.03";"A";"92.09";"A";"92.1";"A"
"2003-10";"93.11";"A";"93.1";"A";"93.11";"A";"92.9";"A";"92.89";"A";"92.93";"A";"93.0";"A";"92.94";"A";"92.91";"A";"92.82";"A";"92.79";"A";"92.8";"A";"92.86";"A";"92.87";"A"
"2003-09";"93.56";"A";"93.56";"A";"93.57";"A";"93.35";"A";"93.34";"A";"93.38";"A";"93.45";"A";"93.39";"A";"93.37";"A";"93.27";"A";"93.24";"A";"93.25";"A";"93.31";"A";"93.32";"A"
"2003-08";"91.67";"A";"91.67";"A";"91.68";"A";"91.47";"A";"91.46";"A";"91.49";"A";"91.57";"A";"91.5";"A";"91.48";"A";"91.39";"A";"91.36";"A";"91.37";"A";"91.42";"A";"91.43";"A"
"2003-07";"92.38";"A";"92.37";"A";"92.38";"A";"92.17";"A";"92.16";"A";"92.2";"A";"92.27";"A";"92.21";"A";"92.18";"A";"92.09";"A";"92.06";"A";"92.07";"A";"92.13";"A";"92.14";"A"
"2003-06";"92.76";"A";"92.76";"A";"92.76";"A";"92.55";"A";"92.54";"A";"92.58";"A";"92.65";"A";"92.59";"A";"92.57";"A";"92.47";"A";"92.44";"A";"92.45";"A";"92.51";"A";"92.52";"A"
"2003-05";"94.34";"A";"94.33";"A";"94.34";"A";"94.13";"A";"94.12";"A";"94.15";"A";"94.23";"A";"94.16";"A";"94.14";"A";"94.04";"A";"94.01";"A";"94.02";"A";"94.08";"A";"94.09";"A"
"2003-04";"93.59";"A";"93.58";"A";"93.59";"A";"93.38";"A";"93.37";"A";"93.41";"A";"93.48";"A";"93.41";"A";"93.39";"A";"93.29";"A";"93.27";"A";"93.27";"A";"93.33";"A";"93.34";"A"
"2003-03";"92.91";"A";"92.91";"A";"92.92";"A";"92.71";"A";"92.7";"A";"92.73";"A";"92.81";"A";"92.74";"A";"92.72";"A";"92.62";"A";"92.6";"A";"92.6";"A";"92.66";"A";"92.67";"A"
"2003-02";"92.55";"A";"92.54";"A";"92.55";"A";"92.34";"A";"92.33";"A";"92.37";"A";"92.44";"A";"92.38";"A";"92.35";"A";"92.26";"A";"92.23";"A";"92.24";"A";"92.3";"A";"92.31";"A"
"2003-01";"92.26";"A";"92.26";"A";"92.27";"A";"92.06";"A";"92.05";"A";"92.09";"A";"92.16";"A";"92.1";"A";"92.07";"A";"91.98";"A";"91.95";"A";"91.96";"A";"92.02";"A";"92.03";"A"
"2002-12";"92.34";"A";"92.34";"A";"92.35";"A";"92.14";"A";"92.13";"A";"92.17";"A";"92.24";"A";"92.18";"A";"92.15";"A";"92.06";"A";"92.03";"A";"92.04";"A";"92.1";"A";"92.1";"A"
"2002-11";"92.7";"A";"92.7";"A";"92.7";"A";"92.49";"A";"92.48";"A";"92.52";"A";"92.59";"A";"92.53";"A";"92.51";"A";"92.41";"A";"92.38";"A";"92.39";"A";"92.45";"A";"92.46";"A"
"2002-10";"92.26";"A";"92.26";"A";"92.27";"A";"92.06";"A";"92.05";"A";"92.08";"A";"92.16";"A";"92.09";"A";"92.07";"A";"91.97";"A";"91.95";"A";"91.95";"A";"92.01";"A";"92.02";"A"
"2002-09";"92.42";"A";"92.42";"A";"92.43";"A";"92.22";"A";"92.21";"A";"92.25";"A";"92.32";"A";"92.25";"A";"92.23";"A";"92.14";"A";"92.11";"A";"92.12";"A";"92.17";"A";"92.18";"A"
"2002-08";"93.37";"A";"93.37";"A";"93.37";"A";"93.16";"A";"93.15";"A";"93.19";"A";"93.26";"A";"93.2";"A";"93.17";"A";"93.08";"A";"93.05";"A";"93.06";"A";"93.12";"A";"93.13";"A"
"2002-07";"93.66";"A";"93.66";"A";"93.67";"A";"93.46";"A";"93.45";"A";"93.48";"A";"93.56";"A";"93.49";"A";"93.47";"A";"93.37";"A";"93.34";"A";"93.35";"A";"93.41";"A";"93.42";"A"
"2002-06";"93.0";"A";"93.0";"A";"93.0";"A";"92.79";"A";"92.78";"A";"92.82";"A";"92.89";"A";"92.83";"A";"92.81";"A";"92.71";"A";"92.68";"A";"92.69";"A";"92.75";"A";"92.76";"A"
"2002-05";"94.25";"A";"94.25";"A";"94.26";"A";"94.04";"A";"94.03";"A";"94.07";"A";"94.15";"A";"94.08";"A";"94.06";"A";"93.96";"A";"93.93";"A";"93.94";"A";"94.0";"A";"94.01";"A"
"2002-04";"93.73";"A";"93.72";"A";"93.73";"A";"93.52";"A";"93.51";"A";"93.55";"A";"93.62";"A";"93.55";"A";"93.53";"A";"93.44";"A";"93.41";"A";"93.41";"A";"93.47";"A";"93.48";"A"
"2002-03";"93.28";"A";"93.28";"A";"93.29";"A";"93.08";"A";"93.07";"A";"93.1";"A";"93.18";"A";"93.11";"A";"93.09";"A";"92.99";"A";"92.97";"A";"92.97";"A";"93.03";"A";"93.04";"A"
"2002-02";"93.69";"A";"93.69";"A";"93.7";"A";"93.48";"A";"93.47";"A";"93.51";"A";"93.58";"A";"93.52";"A";"93.5";"A";"93.4";"A";"93.37";"A";"93.38";"A";"93.44";"A";"93.45";"A"
"2002-01";"94.71";"A";"94.71";"A";"94.72";"A";"94.5";"A";"94.49";"A";"94.53";"A";"94.61";"A";"94.54";"A";"94.52";"A";"94.42";"A";"94.39";"A";"94.4";"A";"94.46";"A";"94.47";"A"
"2001-12";"94.13";"A";"94.13";"A";"94.14";"A";"93.92";"A";"93.91";"A";"93.95";"A";"94.02";"A";"93.96";"A";"93.93";"A";"93.84";"A";"93.81";"A";"93.82";"A";"93.88";"A";"93.89";"A"
"2001-11";"93.27";"A";"93.27";"A";"93.28";"A";"93.07";"A";"93.05";"A";"93.09";"A";"93.17";"A";"93.1";"A";"93.08";"A";"92.98";"A";"92.95";"A";"92.96";"A";"93.02";"A";"93.03";"A"
"2001-10";"94.64";"A";"94.63";"A";"94.64";"A";"94.43";"A";"94.42";"A";"94.45";"A";"94.53";"A";"94.46";"A";"94.44";"A";"94.34";"A";"94.31";"A";"94.32";"A";"94.38";"A";"94.39";"A"
"2001-09";"91.56";"A";"91.56";"A";"91.57";"A";"91.36";"A";"91.35";"A";"91.39";"A";"91.46";"A";"91.4";"A";"91.37";"A";"91.28";"A";"91.25";"A";"91.26";"A";"91.32";"A";"91.33";"A"
"2001-08";"93.8";"A";"93.8";"A";"93.8";"A";"93.59";"A";"93.58";"A";"93.62";"A";"93.69";"A";"93.63";"A";"93.6";"A";"93.51";"A";"93.48";"A";"93.49";"A";"93.55";"A";"93.56";"A"
"2001-07";"91.32";"A";"91.31";"A";"91.32";"A";"91.11";"A";"91.1";"A";"91.14";"A";"91.21";"A";"91.15";"A";"91.13";"A";"91.03";"A";"91.01";"A";"91.01";"A";"91.07";"A";"91.08";"A"
"2001-06";"93.21";"A";"93.21";"A";"93.21";"A";"93.0";"A";"92.99";"A";"93.03";"A";"93.1";"A";"93.04";"A";"93.01";"A";"92.92";"A";"92.89";"A";"92.9";"A";"92.96";"A";"92.97";"A"
"2001-05";"92.58";"A";"92.58";"A";"92.59";"A";"92.38";"A";"92.37";"A";"92.41";"A";"92.48";"A";"92.42";"A";"92.39";"A";"92.3";"A";"92.27";"A";"92.28";"A";"92.34";"A";"92.35";"A"
"2001-04";"91.88";"A";"91.88";"A";"91.88";"A";"91.67";"A";"91.66";"A";"91.7";"A";"91.77";"A";"91.71";"A";"91.69";"A";"91.59";"A";"91.56";"A";"91.57";"A";"91.63";"A";"91.64";"A"
"2001-03";"92.01";"A";"92.01";"A";"92.02";"A";"91.81";"A";"91.8";"A";"91.84";"A";"91.91";"A";"91.84";"A";"91.82";"A";"91.73";"A";"91.7";"A";"91.71";"A";"91.77";"A";"91.78";"A"
"2001-02";"91.47";"A";"91.47";"A";"91.47";"A";"91.27";"A";"91.26";"A";"91.29";"A";"91.36";"A";"91.3";"A";"91.28";"A";"91.18";"A";"91.16";"A";"91.16";"A";"91.22";"A";"91.23";"A"
"2001-01";"90.7";"A";"90.69";"A";"90.7";"A";"90.49";"A";"90.48";"A";"90.52";"A";"90.59";"A";"90.53";"A";"90.51";"A";"90.41";"A";"90.39";"A";"90.39";"A";"90.45";"A";"90.46";"A"
"2000-12";"92.28";"A";"92.28";"A";"92.29";"A";"92.08";"A";"92.07";"A";"92.1";"A";"92.18";"A";"92.11";"A";"92.09";"A";"91.99";"A";"91.97";"A";"91.97";"A";"92.03";"A";"92.04";"A"
"2000-11";"91.13";"A";"91.12";"A";"91.13";"A";"90.93";"A";"90.92";"A";"90.95";"A";"91.02";"A";"90.96";"A";"90.94";"A";"90.84";"A";"90.82";"A";"90.82";"A";"90.88";"A";"90.89";"A"
"2000-10";"91.02";"A";"91.01";"A";"91.02";"A";"90.81";"A";"90.8";"A";"90.84";"A";"90.91";"A";"90.85";"A";"90.83";"A";"90.73";"A";"90.71";"A";"90.71";"A";"90.77";"A";"90.78";"A"
"2000-09";"91.3";"A";"91.3";"A";"91.3";"A";"91.1";"A";"91.09";"A";"91.12";"A";"91.19";"A";"91.13";"A";"91.11";"A";"91.01";"A";"90.99";"A";"90.99";"A";"91.05";"A";"91.06";"A"
"2000-08";"91.59";"A";"91.58";"A";"91.59";"A";"91.38";"A";"91.37";"A";"91.41";"A";"91.48";"A";"91.42";"A";"91.39";"A";"91.3";"A";"91.27";"A";"91.28";"A";"91.34";"A";"91.35";"A"
"2000-07";"92.13";"A";"92.12";"A";"92.13";"A";"91.92";"A";"91.91";"A";"91.95";"A";"92.02";"A";"91.96";"A";"91.93";"A";"91.84";"A";"91.81";"A";"91.82";"A";"91.88";"A";"91.89";"A"
"2000-06";"91.5";"A";"91.5";"A";"91.5";"A";"91.3";"A";"91.28";"A";"91.32";"A";"91.39";"A";"91.33";"A";"91.31";"A";"91.21";"A";"91.19";"A";"91.19";"A";"91.25";"A";"91.26";"A"
"2000-05";"87.41";"A";"87.41";"A";"87.41";"A";"87.22";"A";"87.21";"A";"87.24";"A";"87.31";"A";"87.25";"A";"87.23";"A";"87.14";"A";"87.11";"A";"87.12";"A";"87.17";"A";"87.18";"A"
"2000-04";"90.67";"A";"90.67";"A";"90.68";"A";"90.47";"A";"90.46";"A";"90.5";"A";"90.57";"A";"90.51";"A";"90.48";"A";"90.39";"A";"90.36";"A";"90.37";"A";"90.43";"A";"90.44";"A"
"2000-03";"90.55";"A";"90.55";"A";"90.55";"A";"90.35";"A";"90.34";"A";"90.38";"A";"90.45";"A";"90.38";"A";"90.36";"A";"90.27";"A";"90.24";"A";"90.25";"A";"90.31";"A";"90.32";"A"
"2000-02";"90.36";"A";"90.36";"A";"90.37";"A";"90.16";"A";"90.15";"A";"90.19";"A";"90.26";"A";"90.2";"A";"90.18";"A";"90.08";"A";"90.06";"A";"90.06";"A";"90.12";"A";"90.13";"A"
"2000-01";"89.3";"A";"89.3";"A";"89.31";"A";"89.1";"A";"89.09";"A";"89.13";"A";"89.2";"A";"89.14";"A";"89.11";"A";"89.02";"A";"89.0";"A";"89.0";"A";"89.06";"A";"89.07";"A"
"1999-12";"89.56";"A";"89.56";"A";"89.57";"A";"89.36";"A";"89.35";"A";"89.39";"A";"89.46";"A";"89.4";"A";"89.38";"A";"89.28";"A";"89.26";"A";"89.26";"A";"89.32";"A";"89.33";"A"
"1999-11";"91.9";"A";"91.89";"A";"91.9";"A";"91.69";"A";"91.68";"A";"91.72";"A";"91.79";"A";"91.73";"A";"91.7";"A";"91.61";"A";"91.58";"A";"91.59";"A";"91.65";"A";"91.66";"A"
"1999-10";"90.09";"A";"90.08";"A";"90.09";"A";"89.89";"A";"89.88";"A";"89.91";"A";"89.99";"A";"89.92";"A";"89.9";"A";"89.81";"A";"89.78";"A";"89.79";"A";"89.85";"A";"89.85";"A"
"1999-09";"90.25";"A";"90.25";"A";"90.25";"A";"90.05";"A";"90.04";"A";"90.08";"A";"90.15";"A";"90.08";"A";"90.06";"A";"89.97";"A";"89.94";"A";"89.95";"A";"90.01";"A";"90.02";"A"
"1999-08";"89.11";"A";"89.11";"A";"89.11";"A";"88.91";"A";"88.9";"A";"88.94";"A";"89.01";"A";"88.95";"A";"88.92";"A";"88.83";"A";"88.8";"A";"88.81";"A";"88.87";"A";"88.88";"A"
"1999-07";"90.09";"A";"90.09";"A";"90.09";"A";"89.89";"A";"89.88";"A";"89.92";"A";"89.99";"A";"89.93";"A";"89.9";"A";"89.81";"A";"89.78";"A";"89.79";"A";"89.85";"A";"89.86";"A"
"1999-06";"88.69";"A";"88.69";"A";"88.7";"A";"88.5";"A";"88.49";"A";"88.52";"A";"88.59";"A";"88.53";"A";"88.51";"A";"88.42";"A";"88.39";"A";"88.4";"A";"88.46";"A";"88.46";"A"
"1999-05";"88.19";"A";"88.19";"A";"88.2";"A";"88.0";"A";"87.99";"A";"88.02";"A";"88.09";"A";"88.03";"A";"88.01";"A";"87.92";"A";"87.89";"A";"87.9";"A";"87.96";"A";"87.97";"A"
"1999-04";"89.49";"A";"89.48";"A";"89.49";"A";"89.29";"A";"89.28";"A";"89.31";"A";"89.38";"A";"89.32";"A";"89.3";"A";"89.21";"A";"89.18";"A";"89.19";"A";"89.25";"A";"89.25";"A"
"1999-03";"90.83";"A";"90.83";"A";"90.84";"A";"90.63";"A";"90.62";"A";"90.66";"A";"90.73";"A";"90.67";"A";"90.64";"A";"90.55";"A";"90.52";"A";"90.53";"A";"90.59";"A";"90.6";"A"
"1999-02";"90.94";"A";"90.94";"A";"90.94";"A";"90.74";"A";"90.73";"A";"90.76";"A";"90.84";"A";"90.77";"A";"90.75";"A";"90.66";"A";"90.63";"A";"90.64";"A";"90.69";"A";"90.7";"A"
"1999-01";"91.29";"A";"91.29";"A";"91.29";"A";"91.09";"A";"91.08";"A";"91.11";"A";"91.19";"A";"91.12";"A";"91.1";"A";"91.01";"A";"90.98";"A";"90.98";"A";"91.04";"A";"91.05";"A"
"1998-12";"90.25";"A";"90.25";"A";"90.26";"A";"90.05";"A";"90.04";"A";"90.08";"A";"90.15";"A";"90.09";"A";"90.07";"A";"89.97";"A";"89.95";"A";"89.95";"A";"90.01";"A";"90.02";"A"
"1998-11";"90.97";"A";"90.97";"A";"90.97";"A";"90.77";"A";"90.76";"A";"90.79";"A";"90.87";"A";"90.8";"A";"90.78";"A";"90.69";"A";"90.66";"A";"90.67";"A";"90.72";"A";"90.73";"A"
"1998-10";"90.09";"A";"90.09";"A";"90.1";"A";"89.89";"A";"89.88";"A";"89.92";"A";"89.99";"A";"89.93";"A";"89.91";"A";"89.81";"A";"89.79";"A";"89.79";"A";"89.85";"A";"89.86";"A"
"1998-09";"89.79";"A";"89.79";"A";"89.8";"A";"89.59";"A";"89.58";"A";"89.62";"A";"89.69";"A";"89.63";"A";"89.6";"A";"89.51";"A";"89.49";"A";"89.49";"A";"89.55";"A";"89.56";"A"
"1998-08";"89.58";"A";"89.57";"A";"89.58";"A";"89.38";"A";"89.37";"A";"89.4";"A";"89.47";"A";"89.41";"A";"89.39";"A";"89.3";"A";"89.27";"A";"89.28";"A";"89.33";"A";"89.34";"A"
"1998-07";"89.33";"A";"89.33";"A";"89.34";"A";"89.13";"A";"89.12";"A";"89.16";"A";"89.23";"A";"89.17";"A";"89.15";"A";"89.06";"A";"89.03";"A";"89.03";"A";"89.09";"A";"89.1";"A"
"1998-06";"89.81";"A";"89.81";"A";"89.82";"A";"89.61";"A";"89.6";"A";"89.64";"A";"89.71";"A";"89.65";"A";"89.63";"A";"89.53";"A";"89.51";"A";"89.51";"A";"89.57";"A";"89.58";"A"
"1998-05";"89.7";"A";"89.7";"A";"89.71";"A";"89.5";"A";"89.49";"A";"89.53";"A";"89.6";"A";"89.54";"A";"89.51";"A";"89.42";"A";"89.4";"A";"89.4";"A";"89.46";"A";"89.47";"A"
"1998-04";"89.15";"A";"89.15";"A";"89.16";"A";"88.96";"A";"88.95";"A";"88.98";"A";"89.05";"A";"88.99";"A";"88.97";"A";"88.88";"A";"88.85";"A";"88.86";"A";"88.91";"A";"88.92";"A"
"1998-03";"89.02";"A";"89.02";"A";"89.03";"A";"88.83";"A";"88.82";"A";"88.85";"A";"88.92";"A";"88.86";"A";"88.84";"A";"88.75";"A";"88.72";"A";"88.73";"A";"88.78";"A";"88.79";"A"
"1998-02";"88.45";"A";"88.45";"A";"88.46";"A";"88.26";"A";"88.25";"A";"88.28";"A";"88.35";"A";"88.29";"A";"88.27";"A";"88.18";"A";"88.15";"A";"88.16";"A";"88.22";"A";"88.22";"A"
"1998-01";"89.39";"A";"89.39";"A";"89.4";"A";"89.19";"A";"89.18";"A";"89.22";"A";"89.29";"A";"89.23";"A";"89.21";"A";"89.11";"A";"89.09";"A";"89.09";"A";"89.15";"A";"89.16";"A"
"1997-12";"88.29";"A";"88.29";"A";"88.3";"A";"88.1";"A";"88.09";"A";"88.12";"A";"88.19";"A";"88.13";"A";"88.11";"A";"88.02";"A";"87.99";"A";"88.0";"A";"88.05";"A";"88.06";"A"
"1997-11";"86.71";"A";"86.71";"A";"86.72";"A";"86.52";"A";"86.51";"A";"86.55";"A";"86.61";"A";"86.55";"A";"86.53";"A";"86.44";"A";"86.42";"A";"86.42";"A";"86.48";"A";"86.49";"A"
"1997-10";"86.42";"A";"86.42";"A";"86.43";"A";"86.23";"A";"86.22";"A";"86.26";"A";"86.33";"A";"86.27";"A";"86.24";"A";"86.16";"A";"86.13";"A";"86.14";"A";"86.19";"A";"86.2";"A"
"1997-09";"86.32";"A";"86.32";"A";"86.33";"A";"86.13";"A";"86.12";"A";"86.16";"A";"86.22";"A";"86.16";"A";"86.14";"A";"86.05";"A";"86.03";"A";"86.03";"A";"86.09";"A";"86.1";"A"
"1997-08";"86.62";"A";"86.62";"A";"86.62";"A";"86.43";"A";"86.42";"A";"86.45";"A";"86.52";"A";"86.46";"A";"86.44";"A";"86.35";"A";"86.32";"A";"86.33";"A";"86.39";"A";"86.4";"A"
"1997-07";"86.31";"A";"86.31";"A";"86.32";"A";"86.12";"A";"86.11";"A";"86.15";"A";"86.21";"A";"86.15";"A";"86.13";"A";"86.04";"A";"86.02";"A";"86.02";"A";"86.08";"A";"86.09";"A"
"1997-06";"86.24";"A";"86.23";"A";"86.24";"A";"86.04";"A";"86.03";"A";"86.07";"A";"86.14";"A";"86.08";"A";"86.06";"A";"85.97";"A";"85.94";"A";"85.95";"A";"86.0";"A";"86.01";"A"
"1997-05";"85.92";"A";"85.91";"A";"85.92";"A";"85.72";"A";"85.71";"A";"85.75";"A";"85.82";"A";"85.76";"A";"85.74";"A";"85.65";"A";"85.62";"A";"85.63";"A";"85.68";"A";"85.69";"A"
"1997-04";"85.65";"A";"85.64";"A";"85.65";"A";"85.46";"A";"85.45";"A";"85.48";"A";"85.55";"A";"85.49";"A";"85.47";"A";"85.38";"A";"85.35";"A";"85.36";"A";"85.41";"A";"85.42";"A"
"1997-03";"85.31";"A";"85.31";"A";"85.32";"A";"85.12";"A";"85.11";"A";"85.15";"A";"85.21";"A";"85.16";"A";"85.13";"A";"85.05";"A";"85.02";"A";"85.03";"A";"85.08";"A";"85.09";"A"
"1997-02";"84.91";"A";"84.91";"A";"84.92";"A";"84.72";"A";"84.71";"A";"84.75";"A";"84.82";"A";"84.76";"A";"84.74";"A";"84.65";"A";"84.62";"A";"84.63";"A";"84.68";"A";"84.69";"A"
"1997-01";"84.89";"A";"84.89";"A";"84.9";"A";"84.71";"A";"84.7";"A";"84.73";"A";"84.8";"A";"84.74";"A";"84.72";"A";"84.63";"A";"84.6";"A";"84.61";"A";"84.67";"A";"84.67";"A"
"1996-12";"84.48";"A";"84.48";"A";"84.48";"A";"84.29";"A";"84.28";"A";"84.32";"A";"84.38";"A";"84.32";"A";"84.3";"A";"84.22";"A";"84.19";"A";"84.2";"A";"84.25";"A";"84.26";"A"
"1996-11";"84.47";"A";"84.47";"A";"84.48";"A";"84.28";"A";"84.28";"A";"84.31";"A";"84.38";"A";"84.32";"A";"84.3";"A";"84.21";"A";"84.18";"A";"84.19";"A";"84.24";"A";"84.25";"A"
"1996-10";"85.0";"A";"85.0";"A";"85.01";"A";"84.82";"A";"84.81";"A";"84.84";"A";"84.91";"A";"84.85";"A";"84.83";"A";"84.74";"A";"84.71";"A";"84.72";"A";"84.78";"A";"84.78";"A"
"1996-09";"84.91";"A";"84.91";"A";"84.92";"A";"84.72";"A";"84.71";"A";"84.75";"A";"84.82";"A";"84.76";"A";"84.73";"A";"84.65";"A";"84.62";"A";"84.63";"A";"84.68";"A";"84.69";"A"
"1996-08";"86.21";"A";"86.21";"A";"86.22";"A";"86.02";"A";"86.01";"A";"86.05";"A";"86.11";"A";"86.05";"A";"86.03";"A";"85.94";"A";"85.92";"A";"85.92";"A";"85.98";"A";"85.99";"A"
"1996-07";"84.6";"A";"84.6";"A";"84.6";"A";"84.41";"A";"84.4";"A";"84.44";"A";"84.5";"A";"84.45";"A";"84.42";"A";"84.34";"A";"84.31";"A";"84.32";"A";"84.37";"A";"84.38";"A"
"1996-06";"84.49";"A";"84.49";"A";"84.49";"A";"84.3";"A";"84.29";"A";"84.33";"A";"84.39";"A";"84.33";"A";"84.31";"A";"84.23";"A";"84.2";"A";"84.21";"A";"84.26";"A";"84.27";"A"
"1996-05";"85.19";"A";"85.19";"A";"85.19";"A";"85.0";"A";"84.99";"A";"85.03";"A";"85.09";"A";"85.03";"A";"85.01";"A";"84.93";"A";"84.9";"A";"84.91";"A";"84.96";"A";"84.97";"A"
"1996-04";"85.3";"A";"85.3";"A";"85.31";"A";"85.11";"A";"85.1";"A";"85.14";"A";"85.2";"A";"85.15";"A";"85.12";"A";"85.04";"A";"85.01";"A";"85.02";"A";"85.07";"A";"85.08";"A"
"1996-03";"84.54";"A";"84.54";"A";"84.55";"A";"84.36";"A";"84.35";"A";"84.38";"A";"84.45";"A";"84.39";"A";"84.37";"A";"84.28";"A";"84.26";"A";"84.26";"A";"84.32";"A";"84.33";"A"
"1996-02";"84.88";"A";"84.88";"A";"84.89";"A";"84.7";"A";"84.69";"A";"84.72";"A";"84.79";"A";"84.73";"A";"84.71";"A";"84.62";"A";"84.59";"A";"84.6";"A";"84.66";"A";"84.66";"A"
"1996-01";"85.16";"A";"85.16";"A";"85.16";"A";"84.97";"A";"84.96";"A";"85.0";"A";"85.06";"A";"85.0";"A";"84.98";"A";"84.9";"A";"84.87";"A";"84.88";"A";"84.93";"A";"84.94";"A"
"1995-12";"85.42";"A";"85.41";"A";"85.42";"A";"85.23";"A";"85.22";"A";"85.25";"A";"85.32";"A";"85.26";"A";"85.24";"A";"85.15";"A";"85.12";"A";"85.13";"A";"85.19";"A";"85.19";"A"
"1995-11";"85.22";"A";"85.21";"A";"85.22";"A";"85.03";"A";"85.02";"A";"85.05";"A";"85.12";"A";"85.06";"A";"85.04";"A";"84.95";"A";"84.93";"A";"84.93";"A";"84.99";"A";"85.0";"A"
"1995-10";"87.25";"A";"87.25";"A";"87.26";"A";"87.06";"A";"87.05";"A";"87.09";"A";"87.15";"A";"87.09";"A";"87.07";"A";"86.98";"A";"86.96";"A";"86.96";"A";"87.02";"A";"87.03";"A"
"1995-09";"85.26";"A";"85.26";"A";"85.27";"A";"85.07";"A";"85.06";"A";"85.1";"A";"85.17";"A";"85.11";"A";"85.08";"A";"85.0";"A";"84.97";"A";"84.98";"A";"85.03";"A";"85.04";"A"
"1995-08";"85.12";"A";"85.12";"A";"85.12";"A";"84.93";"A";"84.92";"A";"84.96";"A";"85.02";"A";"84.96";"A";"84.94";"A";"84.85";"A";"84.83";"A";"84.83";"A";"84.89";"A";"84.9";"A"
"1995-07";"85.15";"A";"85.15";"A";"85.16";"A";"84.96";"A";"84.95";"A";"84.99";"A";"85.06";"A";"85.0";"A";"84.97";"A";"84.89";"A";"84.86";"A";"84.87";"A";"84.92";"A";"84.93";"A"
"1995-06";"86.7";"A";"86.7";"A";"86.71";"A";"86.51";"A";"86.5";"A";"86.54";"A";"86.6";"A";"86.54";"A";"86.52";"A";"86.43";"A";"86.41";"A";"86.41";"A";"86.47";"A";"86.48";"A"
"1995-05";"85.26";"A";"85.26";"A";"85.26";"A";"85.07";"A";"85.06";"A";"85.1";"A";"85.16";"A";"85.1";"A";"85.08";"A";"84.99";"A";"84.97";"A";"84.97";"A";"85.03";"A";"85.04";"A"
"1995-04";"85.05";"A";"85.05";"A";"85.06";"A";"84.87";"A";"84.86";"A";"84.89";"A";"84.96";"A";"84.9";"A";"84.88";"A";"84.79";"A";"84.76";"A";"84.77";"A";"84.83";"A";"84.83";"A"
"1995-03";"84.65";"A";"84.65";"A";"84.65";"A";"84.46";"A";"84.45";"A";"84.49";"A";"84.55";"A";"84.49";"A";"84.47";"A";"84.39";"A";"84.36";"A";"84.37";"A";"84.42";"A";"84.43";"A"
"1995-02";"84.58";"A";"84.58";"A";"84.59";"A";"84.4";"A";"84.39";"A";"84.42";"A";"84.49";"A";"84.43";"A";"84.41";"A";"84.32";"A";"84.29";"A";"84.3";"A";"84.36";"A";"84.36";"A"
"1995-01";"84.19";"A";"84.18";"A";"84.19";"A";"84.0";"A";"83.99";"A";"84.02";"A";"84.09";"A";"84.03";"A";"84.01";"A";"83.92";"A";"83.9";"A";"83.9";"A";"83.96";"A";"83.97";"A"
"1994-12";"84.85";"A";"84.85";"A";"84.85";"A";"84.66";"A";"84.65";"A";"84.69";"A";"84.75";"A";"84.69";"A";"84.67";"A";"84.58";"A";"84.56";"A";"84.57";"A";"84.62";"A";"84.63";"A"
"1994-11";"85.75";"A";"85.75";"A";"85.76";"A";"85.56";"A";"85.55";"A";"85.59";"A";"85.65";"A";"85.6";"A";"85.57";"A";"85.49";"A";"85.46";"A";"85.47";"A";"85.52";"A";"85.53";"A"
"1994-10";"86.31";"A";"86.31";"A";"86.31";"A";"86.12";"A";"86.11";"A";"86.14";"A";"86.21";"A";"86.15";"A";"86.13";"A";"86.04";"A";"86.02";"A";"86.02";"A";"86.08";"A";"86.09";"A"
"1994-09";"84.3";"A";"84.3";"A";"84.3";"A";"84.11";"A";"84.1";"A";"84.14";"A";"84.2";"A";"84.15";"A";"84.12";"A";"84.04";"A";"84.01";"A";"84.02";"A";"84.07";"A";"84.08";"A"
"1994-08";"82.97";"A";"82.97";"A";"82.97";"A";"82.79";"A";"82.78";"A";"82.81";"A";"82.88";"A";"82.82";"A";"82.8";"A";"82.71";"A";"82.69";"A";"82.69";"A";"82.75";"A";"82.76";"A"
"1994-07";"80.63";"A";"80.63";"A";"80.63";"A";"80.45";"A";"80.44";"A";"80.47";"A";"80.54";"A";"80.48";"A";"80.46";"A";"80.38";"A";"80.35";"A";"80.36";"A";"80.41";"A";"80.42";"A"
"1994-06";"81.71";"A";"81.7";"A";"81.71";"A";"81.52";"A";"81.52";"A";"81.55";"A";"81.61";"A";"81.56";"A";"81.54";"A";"81.45";"A";"81.43";"A";"81.43";"A";"81.49";"A";"81.49";"A"
"1994-05";"81.21";"A";"81.2";"A";"81.21";"A";"81.03";"A";"81.02";"A";"81.05";"A";"81.11";"A";"81.06";"A";"81.04";"A";"80.95";"A";"80.93";"A";"80.94";"A";"80.99";"A";"81.0";"A"
"1994-04";"81.57";"A";"81.57";"A";"81.58";"A";"81.39";"A";"81.38";"A";"81.42";"A";"81.48";"A";"81.43";"A";"81.4";"A";"81.32";"A";"81.3";"A";"81.3";"A";"81.36";"A";"81.36";"A"
"1994-03";"81.9";"A";"81.9";"A";"81.9";"A";"81.72";"A";"81.71";"A";"81.74";"A";"81.81";"A";"81.75";"A";"81.73";"A";"81.65";"A";"81.62";"A";"81.63";"A";"81.68";"A";"81.69";"A"
"1994-02";"81.76";"A";"81.75";"A";"81.76";"A";"81.58";"A";"81.57";"A";"81.6";"A";"81.66";"A";"81.61";"A";"81.59";"A";"81.5";"A";"81.48";"A";"81.48";"A";"81.54";"A";"81.55";"A"
"1994-01";"81.65";"A";"81.64";"A";"81.65";"A";"81.47";"A";"81.46";"A";"81.49";"A";"81.55";"A";"81.5";"A";"81.48";"A";"81.39";"A";"81.37";"A";"81.37";"A";"81.43";"A";"81.44";"A"
"1993-12";"81.48";"A";"81.48";"A";"81.49";"A";"81.3";"A";"81.29";"A";"81.32";"A";"81.39";"A";"81.33";"A";"81.31";"A";"81.23";"A";"81.2";"A";"81.21";"A";"81.26";"A";"81.27";"A"
"1993-11";"81.91";"A";"81.91";"A";"81.92";"A";"81.73";"A";"81.72";"A";"81.76";"A";"81.82";"A";"81.76";"A";"81.74";"A";"81.66";"A";"81.63";"A";"81.64";"A";"81.69";"A";"81.7";"A"
"1993-10";"81.36";"A";"81.36";"A";"81.36";"A";"81.18";"A";"81.17";"A";"81.2";"A";"81.27";"A";"81.21";"A";"81.19";"A";"81.11";"A";"81.08";"A";"81.09";"A";"81.14";"A";"81.15";"A"
"1993-09";"81.22";"A";"81.22";"A";"81.22";"A";"81.04";"A";"81.03";"A";"81.06";"A";"81.13";"A";"81.07";"A";"81.05";"A";"80.97";"A";"80.94";"A";"80.95";"A";"81.0";"A";"81.01";"A"
"1993-08";"81.72";"A";"81.71";"A";"81.72";"A";"81.54";"A";"81.53";"A";"81.56";"A";"81.62";"A";"81.57";"A";"81.55";"A";"81.46";"A";"81.44";"A";"81.44";"A";"81.5";"A";"81.51";"A"
"1993-07";"81.97";"A";"81.97";"A";"81.97";"A";"81.79";"A";"81.78";"A";"81.81";"A";"81.88";"A";"81.82";"A";"81.8";"A";"81.72";"A";"81.69";"A";"81.7";"A";"81.75";"A";"81.76";"A"
"1993-06";"81.26";"A";"81.26";"A";"81.26";"A";"81.08";"A";"81.07";"A";"81.1";"A";"81.17";"A";"81.11";"A";"81.09";"A";"81.01";"A";"80.98";"A";"80.99";"A";"81.04";"A";"81.05";"A"
"1993-05";"79.8";"A";"79.8";"A";"79.81";"A";"79.62";"A";"79.62";"A";"79.65";"A";"79.71";"A";"79.66";"A";"79.63";"A";"79.55";"A";"79.53";"A";"79.53";"A";"79.59";"A";"79.59";"A"
"1993-04";"81.14";"A";"81.14";"A";"81.14";"A";"80.96";"A";"80.95";"A";"80.98";"A";"81.05";"A";"80.99";"A";"80.97";"A";"80.89";"A";"80.86";"A";"80.87";"A";"80.92";"A";"80.93";"A"
"1993-03";"83.02";"A";"83.02";"A";"83.03";"A";"82.84";"A";"82.83";"A";"82.86";"A";"82.93";"A";"82.87";"A";"82.85";"A";"82.76";"A";"82.74";"A";"82.74";"A";"82.8";"A";"82.81";"A"
"1993-02";"80.99";"A";"80.98";"A";"80.99";"A";"80.81";"A";"80.8";"A";"80.83";"A";"80.89";"A";"80.84";"A";"80.82";"A";"80.73";"A";"80.71";"A";"80.72";"A";"80.77";"A";"80.78";"A"
"1993-01";"80.72";"A";"80.72";"A";"80.73";"A";"80.54";"A";"80.53";"A";"80.57";"A";"80.63";"A";"80.57";"A";"80.55";"A";"80.47";"A";"80.45";"A";"80.45";"A";"80.5";"A";"80.51";"A"
"1992-12";"79.9";"A";"79.89";"A";"79.9";"A";"79.72";"A";"79.71";"A";"79.74";"A";"79.8";"A";"79.75";"A";"79.73";"A";"79.65";"A";"79.62";"A";"79.63";"A";"79.68";"A";"79.69";"A"
"1992-11";"79.64";"A";"79.64";"A";"79.64";"A";"79.46";"A";"79.45";"A";"79.49";"A";"79.55";"A";"79.49";"A";"79.47";"A";"79.39";"A";"79.37";"A";"79.37";"A";"79.42";"A";"79.43";"A"
"1992-10";"79.73";"A";"79.73";"A";"79.74";"A";"79.55";"A";"79.55";"A";"79.58";"A";"79.64";"A";"79.59";"A";"79.56";"A";"79.48";"A";"79.46";"A";"79.47";"A";"79.52";"A";"79.53";"A"
"1992-09";"80.27";"A";"80.27";"A";"80.27";"A";"80.09";"A";"80.08";"A";"80.11";"A";"80.18";"A";"80.12";"A";"80.1";"A";"80.02";"A";"79.99";"A";"80.0";"A";"80.05";"A";"80.06";"A"
"1992-08";"79.47";"A";"79.47";"A";"79.47";"A";"79.29";"A";"79.28";"A";"79.32";"A";"79.38";"A";"79.32";"A";"79.3";"A";"79.22";"A";"79.2";"A";"79.21";"A";"79.26";"A";"79.26";"A"
"1992-07";"80.01";"A";"80.01";"A";"80.01";"A";"79.83";"A";"79.82";"A";"79.86";"A";"79.92";"A";"79.86";"A";"79.84";"A";"79.76";"A";"79.74";"A";"79.74";"A";"79.8";"A";"79.8";"A"
"1992-06";"80.05";"A";"80.05";"A";"80.06";"A";"79.88";"A";"79.87";"A";"79.9";"A";"79.96";"A";"79.91";"A";"79.89";"A";"79.81";"A";"79.78";"A";"79.79";"A";"79.84";"A";"79.85";"A"
"1992-05";"79.31";"A";"79.3";"A";"79.31";"A";"79.13";"A";"79.12";"A";"79.15";"A";"79.22";"A";"79.16";"A";"79.14";"A";"79.06";"A";"79.04";"A";"79.04";"A";"79.09";"A";"79.1";"A"
"1992-04";"79.88";"A";"79.88";"A";"79.88";"A";"79.7";"A";"79.69";"A";"79.73";"A";"79.79";"A";"79.73";"A";"79.71";"A";"79.63";"A";"79.61";"A";"79.61";"A";"79.66";"A";"79.67";"A"
"1992-03";"80.04";"A";"80.03";"A";"80.04";"A";"79.86";"A";"79.85";"A";"79.88";"A";"79.95";"A";"79.89";"A";"79.87";"A";"79.79";"A";"79.76";"A";"79.77";"A";"79.82";"A";"79.83";"A"
"1992-02";"80.72";"A";"80.72";"A";"80.73";"A";"80.54";"A";"80.53";"A";"80.57";"A";"80.63";"A";"80.58";"A";"80.55";"A";"80.47";"A";"80.45";"A";"80.45";"A";"80.51";"A";"80.51";"A"
"1992-01";"80.28";"A";"80.28";"A";"80.29";"A";"80.11";"A";"80.1";"A";"80.13";"A";"80.19";"A";"80.14";"A";"80.12";"A";"80.03";"A";"80.01";"A";"80.02";"A";"80.07";"A";"80.08";"A"
"1991-12";"80.39";"A";"80.39";"A";"80.4";"A";"80.22";"A";"80.21";"A";"80.24";"A";"80.3";"A";"80.25";"A";"80.23";"A";"80.14";"A";"80.12";"A";"80.13";"A";"80.18";"A";"80.19";"A"
"1991-11";"80.55";"A";"80.55";"A";"80.56";"A";"80.37";"A";"80.37";"A";"80.4";"A";"80.46";"A";"80.41";"A";"80.38";"A";"80.3";"A";"80.28";"A";"80.28";"A";"80.34";"A";"80.34";"A"
"1991-10";"80.27";"A";"80.27";"A";"80.28";"A";"80.1";"A";"80.09";"A";"80.12";"A";"80.18";"A";"80.13";"A";"80.11";"A";"80.02";"A";"80.0";"A";"80.01";"A";"80.06";"A";"80.07";"A"
"1991-09";"79.97";"A";"79.97";"A";"79.97";"A";"79.79";"A";"79.78";"A";"79.82";"A";"79.88";"A";"79.82";"A";"79.8";"A";"79.72";"A";"79.7";"A";"79.7";"A";"79.75";"A";"79.76";"A"
"1991-08";"81.5";"A";"81.5";"A";"81.51";"A";"81.32";"A";"81.31";"A";"81.35";"A";"81.41";"A";"81.36";"A";"81.33";"A";"81.25";"A";"81.23";"A";"81.23";"A";"81.29";"A";"81.29";"A"
"1991-07";"80.32";"A";"80.31";"A";"80.32";"A";"80.14";"A";"80.13";"A";"80.16";"A";"80.22";"A";"80.17";"A";"80.15";"A";"80.07";"A";"80.04";"A";"80.05";"A";"80.1";"A";"80.11";"A"
"1991-06";"80.99";"A";"80.99";"A";"80.99";"A";"80.81";"A";"80.8";"A";"80.83";"A";"80.9";"A";"80.84";"A";"80.82";"A";"80.74";"A";"80.71";"A";"80.72";"A";"80.77";"A";"80.78";"A"
"1991-05";"80.96";"A";"80.95";"A";"80.96";"A";"80.78";"A";"80.77";"A";"80.8";"A";"80.86";"A";"80.81";"A";"80.79";"A";"80.7";"A";"80.68";"A";"80.69";"A";"80.74";"A";"80.75";"A"
"1991-04";"79.69";"A";"79.69";"A";"79.69";"A";"79.51";"A";"79.5";"A";"79.54";"A";"79.6";"A";"79.54";"A";"79.52";"A";"79.44";"A";"79.42";"A";"79.42";"A";"79.47";"A";"79.48";"A"
"1991-03";"78.64";"A";"78.63";"A";"78.64";"A";"78.46";"A";"78.45";"A";"78.48";"A";"78.55";"A";"78.49";"A";"78.47";"A";"78.39";"A";"78.37";"A";"78.37";"A";"78.42";"A";"78.43";"A"
"1991-02";"78.57";"A";"78.57";"A";"78.57";"A";"78.4";"A";"78.39";"A";"78.42";"A";"78.48";"A";"78.43";"A";"78.41";"A";"78.33";"A";"78.3";"A";"78.31";"A";"78.36";"A";"78.37";"A"
"1991-01";"80.9";"A";"80.9";"A";"80.9";"A";"80.72";"A";"80.71";"A";"80.74";"A";"80.81";"A";"80.75";"A";"80.73";"A";"80.65";"A";"80.62";"A";"80.63";"A";"80.68";"A";"80.69";"A"
"1990-12";"80.63";"A";"80.63";"A";"80.63";"A";"80.45";"A";"80.44";"A";"80.48";"A";"80.54";"A";"80.48";"A";"80.46";"A";"80.38";"A";"80.36";"A";"80.36";"A";"80.41";"A";"80.42";"A"
"1990-11";"78.27";"A";"78.27";"A";"78.28";"A";"78.1";"A";"78.09";"A";"78.12";"A";"78.18";"A";"78.13";"A";"78.11";"A";"78.03";"A";"78.0";"A";"78.01";"A";"78.06";"A";"78.07";"A"
"1990-10";"79.71";"A";"79.71";"A";"79.71";"A";"79.53";"A";"79.52";"A";"79.56";"A";"79.62";"A";"79.56";"A";"79.54";"A";"79.46";"A";"79.44";"A";"79.44";"A";"79.5";"A";"79.5";"A"
"1990-09";"76.96";"A";"76.96";"A";"76.96";"A";"76.79";"A";"76.78";"A";"76.81";"A";"76.87";"A";"76.82";"A";"76.8";"A";"76.72";"A";"76.7";"A";"76.7";"A";"76.75";"A";"76.76";"A"
"1990-08";"78.82";"A";"78.82";"A";"78.83";"A";"78.65";"A";"78.64";"A";"78.67";"A";"78.73";"A";"78.68";"A";"78.66";"A";"78.58";"A";"78.55";"A";"78.56";"A";"78.61";"A";"78.62";"A"
"1990-07";"80.34";"A";"80.34";"A";"80.35";"A";"80.16";"A";"80.15";"A";"80.19";"A";"80.25";"A";"80.19";"A";"80.17";"A";"80.09";"A";"80.07";"A";"80.07";"A";"80.13";"A";"80.13";"A"
"1990-06";"79.99";"A";"79.99";"A";"80.0";"A";"79.81";"A";"79.81";"A";"79.84";"A";"79.9";"A";"79.85";"A";"79.83";"A";"79.74";"A";"79.72";"A";"79.73";"A";"79.78";"A";"79.79";"A"
"1990-05";"80.77";"A";"80.77";"A";"80.78";"A";"80.59";"A";"80.59";"A";"80.62";"A";"80.68";"A";"80.63";"A";"80.6";"A";"80.52";"A";"80.5";"A";"80.5";"A";"80.56";"A";"80.56";"A"
"1990-04";"80.85";"A";"80.85";"A";"80.86";"A";"80.67";"A";"80.66";"A";"80.7";"A";"80.76";"A";"80.71";"A";"80.68";"A";"80.6";"A";"80.58";"A";"80.58";"A";"80.64";"A";"80.64";"A"
"1990-03";"80.93";"A";"80.93";"A";"80.94";"A";"80.75";"A";"80.74";"A";"80.78";"A";"80.84";"A";"80.78";"A";"80.76";"A";"80.68";"A";"80.66";"A";"80.66";"A";"80.72";"A";"80.72";"A"
"1990-02";"79.22";"A";"79.22";"A";"79.22";"A";"79.04";"A";"79.03";"A";"79.07";"A";"79.13";"A";"79.07";"A";"79.05";"A";"78.97";"A";"78.95";"A";"78.95";"A";"79.01";"A";"79.01";"A"
"1990-01";"78.2";"A";"78.2";"A";"78.2";"A";"78.03";"A";"78.02";"A";"78.05";"A";"78.11";"A";"78.06";"A";"78.04";"A";"77.96";"A";"77.93";"A";"77.94";"A";"77.99";"A";"78.0";"A"
